회사코드,회사명,사업연도,재무제표명,계정명,당기금액
00126380,삼성전자,2023,재무상태표,자산총계,455905980000000.0
00126380,삼성전자,2023,재무상태표,유동자산,195936557000000.0
00126380,삼성전자,2023,재무상태표,미수금,6633248000000.0
00126380,삼성전자,2023,재무상태표,선급비용,3366130000000.0
00126380,삼성전자,2023,재무상태표,현금및현금성자산,69080893000000.0
00126380,삼성전자,2023,재무상태표,단기상각후원가금융자산,608281000000.0
00126380,삼성전자,2023,재무상태표,단기당기손익-공정가치금융자산,27112000000.0
00126380,삼성전자,2023,재무상태표,매출채권,36647393000000.0
00126380,삼성전자,2023,재무상태표,재고자산,51625874000000.0
00126380,삼성전자,2023,재무상태표,매각예정분류자산,217864000000.0
00126380,삼성전자,2023,재무상태표,기타유동자산,5038838000000.0
00126380,삼성전자,2023,재무상태표,단기금융상품,22690924000000.0
00126380,삼성전자,2023,재무상태표,비유동자산,259969423000000.0
00126380,삼성전자,2023,재무상태표,이연법인세자산,10211797000000.0
00126380,삼성전자,2023,재무상태표,무형자산,22741862000000.0
00126380,삼성전자,2023,재무상태표,관계종속기업투자자산-지분법,11767444000000.0
00126380,삼성전자,2023,재무상태표,당기손익-공정가치금융자산,1431394000000.0
00126380,삼성전자,2023,재무상태표,기타포괄손익-공정가치 측정 비유동금융자산,7481297000000.0
00126380,삼성전자,2023,재무상태표,순확정급여자산,4905219000000.0
00126380,삼성전자,2023,재무상태표,기타비유동자산,14174148000000.0
00126380,삼성전자,2023,재무상태표,유형자산,187256262000000.0
00126380,삼성전자,2023,재무상태표,자본총계,363677865000000.0
00126380,삼성전자,2023,재무상태표,지배기업 소유주지분,353233775000000.0
00126380,삼성전자,2023,재무상태표,기타자본항목,1280130000000.0
00126380,삼성전자,2023,재무상태표,자본금,897514000000.0
00126380,삼성전자,2023,재무상태표,보통주자본금,778047000000.0
00126380,삼성전자,2023,재무상태표,우선주자본금,119467000000.0
00126380,삼성전자,2023,재무상태표,이익잉여금,346652238000000.0
00126380,삼성전자,2023,재무상태표,주식발행초과금,4403893000000.0
00126380,삼성전자,2023,재무상태표,비지배지분,10444090000000.0
00126380,삼성전자,2023,재무상태표,자본과부채총계,455905980000000.0
00126380,삼성전자,2023,재무상태표,유동부채,75719452000000.0
00126380,삼성전자,2023,재무상태표,선수금,1492602000000.0
00126380,삼성전자,2023,재무상태표,예수금,892441000000.0
00126380,삼성전자,2023,재무상태표,단기차입금,7114601000000.0
00126380,삼성전자,2023,재무상태표,미지급비용,26013273000000.0
00126380,삼성전자,2023,재무상태표,유동성장기부채,1308875000000.0
00126380,삼성전자,2023,재무상태표,충당부채,6524876000000.0
00126380,삼성전자,2023,재무상태표,당기법인세부채,3358715000000.0
00126380,삼성전자,2023,재무상태표,매각예정분류부채,61654000000.0
00126380,삼성전자,2023,재무상태표,기타 유동부채,2308472000000.0
00126380,삼성전자,2023,재무상태표,미지급금,15324119000000.0
00126380,삼성전자,2023,재무상태표,매입채무,11319824000000.0
00126380,삼성전자,2023,재무상태표,부채총계,92228115000000.0
00126380,삼성전자,2023,재무상태표,비유동부채,16508663000000.0
00126380,삼성전자,2023,재무상태표,이연법인세부채,620549000000.0
00126380,삼성전자,2023,재무상태표,사채,537618000000.0
00126380,삼성전자,2023,재무상태표,장기차입금,3724850000000.0
00126380,삼성전자,2023,재무상태표,장기충당부채,2878450000000.0
00126380,삼성전자,2023,재무상태표,순확정급여부채,456557000000.0
00126380,삼성전자,2023,재무상태표,기타 비유동 부채,2802356000000.0
00126380,삼성전자,2023,재무상태표,장기미지급금,5488283000000.0
00126380,삼성전자,2023,손익계산서,영업이익,6566976000000.0
00126380,삼성전자,2023,손익계산서,기타이익,1180448000000.0
00126380,삼성전자,2023,손익계산서,기타손실,1083327000000.0
00126380,삼성전자,2023,손익계산서,판매비와관리비,71979938000000.0
00126380,삼성전자,2023,손익계산서,매출원가,180388580000000.0
00126380,삼성전자,2023,손익계산서,기본주당이익(손실),2131.0
00126380,삼성전자,2023,손익계산서,희석주당이익(손실),2131.0
00126380,삼성전자,2023,손익계산서,금융비용,12645530000000.0
00126380,삼성전자,2023,손익계산서,금융수익,16100148000000.0
00126380,삼성전자,2023,손익계산서,매출총이익,78546914000000.0
00126380,삼성전자,2023,손익계산서,법인세비용(수익),-4480835000000.0
00126380,삼성전자,2023,손익계산서,당기순이익(손실),15487100000000.0
00126380,삼성전자,2023,손익계산서,비지배지분에 귀속되는 당기순이익(손실),1013699000000.0
00126380,삼성전자,2023,손익계산서,지배기업의 소유주에게 귀속되는 당기순이익(손실),14473401000000.0
00126380,삼성전자,2023,손익계산서,법인세비용차감전순이익(손실),11006265000000.0
00126380,삼성전자,2023,손익계산서,계속영업이익(손실),15487100000000.0
00126380,삼성전자,2023,손익계산서,영업수익,258935494000000.0
00126380,삼성전자,2023,손익계산서,지분법이익,887550000000.0
00126380,삼성전자,2023,포괄손익계산서,총포괄손익(*3),18837411000000.0
00126380,삼성전자,2023,포괄손익계산서,비지배지분,991750000000.0
00126380,삼성전자,2023,포괄손익계산서,지배기업 소유주지분,17845661000000.0
00126380,삼성전자,2023,포괄손익계산서,기타포괄손익(*4),3350311000000.0
00126380,삼성전자,2023,포괄손익계산서,당기손익으로 재분류되는 세후기타포괄손익,2684368000000.0
00126380,삼성전자,2023,포괄손익계산서,현금흐름위험회피파생상품평가손익,927000000.0
00126380,삼성전자,2023,포괄손익계산서,해외사업장환산외환차이,2621479000000.0
00126380,삼성전자,2023,포괄손익계산서,관계기업 및 공동기업의 기타포괄손익에 대한 지분,61962000000.0
00126380,삼성전자,2023,포괄손익계산서,후속적으로 당기손익으로 재분류되지 않는 포괄손익,665943000000.0
00126380,삼성전자,2023,포괄손익계산서,기타포괄손익-공정가치금융자산평가손익,1481091000000.0
00126380,삼성전자,2023,포괄손익계산서,순확정급여부채(자산) 재측정요소,-828298000000.0
00126380,삼성전자,2023,포괄손익계산서,관계기업 및 공동기업의 기타포괄손익에 대한 지분,13150000000.0
00126380,삼성전자,2023,포괄손익계산서,당기순이익(손실),15487100000000.0
00126380,삼성전자,2023,현금흐름표,기초현금및현금성자산,49680710000000.0
00126380,삼성전자,2023,현금흐름표,기말현금및현금성자산,69080893000000.0
00126380,삼성전자,2023,현금흐름표,매각예정분류,-14153000000.0
00126380,삼성전자,2023,현금흐름표,재무활동현금흐름,-8593059000000.0
00126380,삼성전자,2023,현금흐름표,장기차입금의 차입 (주27),354712000000.0
00126380,삼성전자,2023,현금흐름표,사채 및 장기차입금의 상환 (주27),1219579000000.0
00126380,삼성전자,2023,현금흐름표,비지배지분의 증감,-9118000000.0
00126380,삼성전자,2023,현금흐름표,단기차입금의 순증가(감소) (주27),2145400000000.0
00126380,삼성전자,2023,현금흐름표,배당금의 지급,9864474000000.0
00126380,삼성전자,2023,현금흐름표,투자활동현금흐름,-16922817000000.0
00126380,삼성전자,2023,현금흐름표,당기손익-공정가치금융자산의 처분,63962000000.0
00126380,삼성전자,2023,현금흐름표,기타포괄손익-공정가치측정금융자산의처분,6521568000000.0
00126380,삼성전자,2023,현금흐름표,장기금융상품의 처분,4565426000000.0
00126380,삼성전자,2023,현금흐름표,매각예정으로 분류된 비유동자산이나 처분자산집단의 처분,0.0
00126380,삼성전자,2023,현금흐름표,당기손익-공정가치금융자산의 취득,130459000000.0
00126380,삼성전자,2023,현금흐름표,기타포괄손익-공정가치측정금융자산의취득,124488000000.0
00126380,삼성전자,2023,현금흐름표,장기금융상품의 취득,5307770000000.0
00126380,삼성전자,2023,현금흐름표,단기상각후원가금융자산의 순감소(증가),-195616000000.0
00126380,삼성전자,2023,현금흐름표,단기당기손익-공정가치금융자산의 순감소(증가),2718000000.0
00126380,삼성전자,2023,현금흐름표,단기금융상품의 순감소(증가),39421565000000.0
00126380,삼성전자,2023,현금흐름표,사업결합으로 인한 현금유출액,356511000000.0
00126380,삼성전자,2023,현금흐름표,기타투자활동으로 인한 현금유출입액,-913897000000.0
00126380,삼성전자,2023,현금흐름표,무형자산의 처분,11744000000.0
00126380,삼성전자,2023,현금흐름표,관계기업 및 공동기업 투자의 처분,33457000000.0
00126380,삼성전자,2023,현금흐름표,유형자산의 처분,98341000000.0
00126380,삼성전자,2023,현금흐름표,무형자산의 취득,2922875000000.0
00126380,삼성전자,2023,현금흐름표,관계기업 및 공동기업 투자의 취득,78690000000.0
00126380,삼성전자,2023,현금흐름표,유형자산의 취득,57611292000000.0
00126380,삼성전자,2023,현금흐름표,영업활동현금흐름,44137427000000.0
00126380,삼성전자,2023,현금흐름표,영업에서 창출된 현금흐름,46547889000000.0
00126380,삼성전자,2023,현금흐름표,영업활동으로 인한 자산부채의 변동 (주27),-5458745000000.0
00126380,삼성전자,2023,현금흐름표,조정 (주27),36519534000000.0
00126380,삼성전자,2023,현금흐름표,당기순이익(손실),15487100000000.0
00126380,삼성전자,2023,현금흐름표,배당금 수입,269169000000.0
00126380,삼성전자,2023,현금흐름표,법인세 납부액,6620950000000.0
00126380,삼성전자,2023,현금흐름표,이자의 지급,844691000000.0
00126380,삼성전자,2023,현금흐름표,이자의 수취,4786010000000.0
00126380,삼성전자,2023,현금흐름표,외화환산으로 인한 현금의 변동,792785000000.0
00126380,삼성전자,2023,현금흐름표,현금및현금성자산의순증감,19400183000000.0
00126380,삼성전자,2023,자본변동표,연결실체의 변동,230000000.0
00126380,삼성전자,2023,자본변동표,연결실체의 변동,230000000.0
00126380,삼성전자,2023,자본변동표,기초자본,345186142000000.0
00126380,삼성전자,2023,자본변동표,기초자본,9563462000000.0
00126380,삼성전자,2023,자본변동표,기초자본,354749604000000.0
00126380,삼성전자,2023,자본변동표,기초자본,1938328000000.0
00126380,삼성전자,2023,자본변동표,기초자본,4403893000000.0
00126380,삼성전자,2023,자본변동표,기초자본,337946407000000.0
00126380,삼성전자,2023,자본변동표,기초자본,897514000000.0
00126380,삼성전자,2023,자본변동표,연결실체내 자본거래 등,-9368000000.0
00126380,삼성전자,2023,자본변동표,연결실체내 자본거래 등,-9368000000.0
00126380,삼성전자,2023,자본변동표,배당,-101984000000.0
00126380,삼성전자,2023,자본변동표,배당,-9911421000000.0
00126380,삼성전자,2023,자본변동표,배당,-9809437000000.0
00126380,삼성전자,2023,자본변동표,배당,-9809437000000.0
00126380,삼성전자,2023,자본변동표,자본총계,346652238000000.0
00126380,삼성전자,2023,자본변동표,자본총계,897514000000.0
00126380,삼성전자,2023,자본변동표,자본총계,1280130000000.0
00126380,삼성전자,2023,자본변동표,자본총계,353233775000000.0
00126380,삼성전자,2023,자본변동표,자본총계,4403893000000.0
00126380,삼성전자,2023,자본변동표,자본총계,363677865000000.0
00126380,삼성전자,2023,자본변동표,자본총계,10444090000000.0
00126380,삼성전자,2023,자본변동표,현금흐름위험회피파생상품평가손익,927000000.0
00126380,삼성전자,2023,자본변동표,현금흐름위험회피파생상품평가손익,927000000.0
00126380,삼성전자,2023,자본변동표,현금흐름위험회피파생상품평가손익,927000000.0
00126380,삼성전자,2023,자본변동표,해외사업장환산외환차이,2611915000000.0
00126380,삼성전자,2023,자본변동표,해외사업장환산외환차이,2621479000000.0
00126380,삼성전자,2023,자본변동표,해외사업장환산외환차이,9564000000.0
00126380,삼성전자,2023,자본변동표,해외사업장환산외환차이,2611915000000.0
00126380,삼성전자,2023,자본변동표,기타,11409000000.0
00126380,삼성전자,2023,자본변동표,기타,11409000000.0
00126380,삼성전자,2023,자본변동표,기타,11409000000.0
00126380,삼성전자,2023,자본변동표,기타포괄손익-공정가치금융자산평가손익,1487177000000.0
00126380,삼성전자,2023,자본변동표,기타포괄손익-공정가치금융자산평가손익,-6086000000.0
00126380,삼성전자,2023,자본변동표,기타포괄손익-공정가치금융자산평가손익,1481091000000.0
00126380,삼성전자,2023,자본변동표,기타포괄손익-공정가치금융자산평가손익,-2554690000000.0
00126380,삼성전자,2023,자본변동표,기타포괄손익-공정가치금융자산평가손익,4041867000000.0
00126380,삼성전자,2023,자본변동표,순확정급여부채(자산) 재측정요소,-828298000000.0
00126380,삼성전자,2023,자본변동표,순확정급여부채(자산) 재측정요소,-30382000000.0
00126380,삼성전자,2023,자본변동표,순확정급여부채(자산) 재측정요소,-797916000000.0
00126380,삼성전자,2023,자본변동표,순확정급여부채(자산) 재측정요소,-797916000000.0
00126380,삼성전자,2023,자본변동표,당기순이익(손실),15487100000000.0
00126380,삼성전자,2023,자본변동표,당기순이익(손실),1013699000000.0
00126380,삼성전자,2023,자본변동표,당기순이익(손실),14473401000000.0
00126380,삼성전자,2023,자본변동표,당기순이익(손실),14473401000000.0
00126380,삼성전자,2023,자본변동표,관계기업 및 공동기업의 기타포괄손익에 대한 지분,75112000000.0
00126380,삼성전자,2023,자본변동표,관계기업 및 공동기업의 기타포괄손익에 대한 지분,70157000000.0
00126380,삼성전자,2023,자본변동표,관계기업 및 공동기업의 기타포괄손익에 대한 지분,4955000000.0
00126380,삼성전자,2023,자본변동표,관계기업 및 공동기업의 기타포괄손익에 대한 지분,70157000000.0
00126380,삼성전자,2024,재무상태표,자산총계,514531948000000.0
00126380,삼성전자,2024,재무상태표,유동자산,227062266000000.0
00126380,삼성전자,2024,재무상태표,미수금,9622974000000.0
00126380,삼성전자,2024,재무상태표,현금및현금성자산,53705579000000.0
00126380,삼성전자,2024,재무상태표,단기상각후원가금융자산,0.0
00126380,삼성전자,2024,재무상태표,단기당기손익-공정가치금융자산,36877000000.0
00126380,삼성전자,2024,재무상태표,선급비용,3362824000000.0
00126380,삼성전자,2024,재무상태표,매출채권,43623073000000.0
00126380,삼성전자,2024,재무상태표,재고자산,51754865000000.0
00126380,삼성전자,2024,재무상태표,매각예정분류자산,0.0
00126380,삼성전자,2024,재무상태표,기타유동자산,6046740000000.0
00126380,삼성전자,2024,재무상태표,단기금융상품,58909334000000.0
00126380,삼성전자,2024,재무상태표,비유동자산,287469682000000.0
00126380,삼성전자,2024,재무상태표,이연법인세자산,14236468000000.0
00126380,삼성전자,2024,재무상태표,무형자산,23738566000000.0
00126380,삼성전자,2024,재무상태표,관계기업 및 공동기업 투자,12592117000000.0
00126380,삼성전자,2024,재무상태표,당기손익-공정가치금융자산,1175749000000.0
00126380,삼성전자,2024,재무상태표,기타포괄손익-공정가치금융자산,10580932000000.0
00126380,삼성전자,2024,재무상태표,순확정급여자산,3089571000000.0
00126380,삼성전자,2024,재무상태표,기타비유동자산,16111070000000.0
00126380,삼성전자,2024,재무상태표,유형자산,205945209000000.0
00126380,삼성전자,2024,재무상태표,자본총계,402192070000000.0
00126380,삼성전자,2024,재무상태표,지배기업 소유주지분,391687603000000.0
00126380,삼성전자,2024,재무상태표,기타자본항목,15873008000000.0
00126380,삼성전자,2024,재무상태표,자본금,897514000000.0
00126380,삼성전자,2024,재무상태표,보통주자본금,778047000000.0
00126380,삼성전자,2024,재무상태표,우선주자본금,119467000000.0
00126380,삼성전자,2024,재무상태표,이익잉여금,370513188000000.0
00126380,삼성전자,2024,재무상태표,주식발행초과금,4403893000000.0
00126380,삼성전자,2024,재무상태표,비지배지분,10504467000000.0
00126380,삼성전자,2024,재무상태표,부채와자본총계,514531948000000.0
00126380,삼성전자,2024,재무상태표,유동부채,93326299000000.0
00126380,삼성전자,2024,재무상태표,예수금,991812000000.0
00126380,삼성전자,2024,재무상태표,단기차입금,13172504000000.0
00126380,삼성전자,2024,재무상태표,미지급비용,29613258000000.0
00126380,삼성전자,2024,재무상태표,선수금,1841420000000.0
00126380,삼성전자,2024,재무상태표,유동성장기부채,2207290000000.0
00126380,삼성전자,2024,재무상태표,충당부채,8216469000000.0
00126380,삼성전자,2024,재무상태표,당기법인세부채,4340171000000.0
00126380,삼성전자,2024,재무상태표,매각예정분류부채,0.0
00126380,삼성전자,2024,재무상태표,기타유동부채,2025833000000.0
00126380,삼성전자,2024,재무상태표,미지급금,18547365000000.0
00126380,삼성전자,2024,재무상태표,매입채무,12370177000000.0
00126380,삼성전자,2024,재무상태표,부채총계,112339878000000.0
00126380,삼성전자,2024,재무상태표,비유동부채,19013579000000.0
00126380,삼성전자,2024,재무상태표,이연법인세부채,528231000000.0
00126380,삼성전자,2024,재무상태표,사채,14530000000.0
00126380,삼성전자,2024,재무상태표,장기차입금,3935860000000.0
00126380,삼성전자,2024,재무상태표,장기충당부채,3120044000000.0
00126380,삼성전자,2024,재무상태표,순확정급여부채,521410000000.0
00126380,삼성전자,2024,재무상태표,기타비유동부채,5383049000000.0
00126380,삼성전자,2024,재무상태표,장기미지급금,5510455000000.0
00126380,삼성전자,2024,손익계산서,영업이익,32725961000000.0
00126380,삼성전자,2024,손익계산서,기타수익,1960338000000.0
00126380,삼성전자,2024,손익계산서,기타비용,1625229000000.0
00126380,삼성전자,2024,손익계산서,판매비와관리비,81582674000000.0
00126380,삼성전자,2024,손익계산서,매출원가,186562268000000.0
00126380,삼성전자,2024,손익계산서,기본주당이익,4950.0
00126380,삼성전자,2024,손익계산서,희석주당이익,4950.0
00126380,삼성전자,2024,손익계산서,금융비용,12985684000000.0
00126380,삼성전자,2024,손익계산서,금융수익,16703304000000.0
00126380,삼성전자,2024,손익계산서,매출총이익,114308635000000.0
00126380,삼성전자,2024,손익계산서,법인세비용(수익),3078383000000.0
00126380,삼성전자,2024,손익계산서,당기순이익,34451351000000.0
00126380,삼성전자,2024,손익계산서,비지배지분,829988000000.0
00126380,삼성전자,2024,손익계산서,지배기업 소유지분,33621363000000.0
00126380,삼성전자,2024,손익계산서,법인세비용차감전순이익,37529734000000.0
00126380,삼성전자,2024,손익계산서,매출액,300870903000000.0
00126380,삼성전자,2024,손익계산서,지분법이익,751044000000.0
00126380,삼성전자,2024,포괄손익계산서,총포괄손익,51296338000000.0
00126380,삼성전자,2024,포괄손익계산서,비지배지분,1248139000000.0
00126380,삼성전자,2024,포괄손익계산서,지배기업 소유주지분,50048199000000.0
00126380,삼성전자,2024,포괄손익계산서,기타포괄손익,16844987000000.0
00126380,삼성전자,2024,포괄손익계산서,후속적으로 당기손익으로 재분류되는 포괄손익,15382480000000.0
00126380,삼성전자,2024,포괄손익계산서,현금흐름위험회피파생상품평가손익,-38946000000.0
00126380,삼성전자,2024,포괄손익계산서,해외사업장환산외환차이,15116099000000.0
00126380,삼성전자,2024,포괄손익계산서,관계기업 및 공동기업의 기타포괄손익에 대한 지분,305327000000.0
00126380,삼성전자,2024,포괄손익계산서,후속적으로 당기손익으로 재분류되지 않는 포괄손익,1462507000000.0
00126380,삼성전자,2024,포괄손익계산서,기타포괄손익-공정가치금융자산평가손익,2300166000000.0
00126380,삼성전자,2024,포괄손익계산서,순확정급여부채(자산) 재측정요소,-766078000000.0
00126380,삼성전자,2024,포괄손익계산서,관계기업 및 공동기업의 기타포괄손익에 대한 지분,-71581000000.0
00126380,삼성전자,2024,포괄손익계산서,당기순이익,34451351000000.0
00126380,삼성전자,2024,현금흐름표,기초현금및현금성자산,69080893000000.0
00126380,삼성전자,2024,현금흐름표,기말현금및현금성자산,53705579000000.0
00126380,삼성전자,2024,현금흐름표,매각예정분류,0.0
00126380,삼성전자,2024,현금흐름표,재무활동현금흐름,-7797243000000.0
00126380,삼성전자,2024,현금흐름표,장기차입금의 차입,404954000000.0
00126380,삼성전자,2024,현금흐름표,비지배지분의 증감,8511000000.0
00126380,삼성전자,2024,현금흐름표,사채 및 장기차입금의 상환,1364508000000.0
00126380,삼성전자,2024,현금흐름표,단기차입금의 순증가(감소),5871346000000.0
00126380,삼성전자,2024,현금흐름표,배당금의지급,10888749000000.0
00126380,삼성전자,2024,현금흐름표,자기주식의 취득,-1811775000000.0
00126380,삼성전자,2024,현금흐름표,투자활동현금흐름,-85381702000000.0
00126380,삼성전자,2024,현금흐름표,당기손익-공정가치금융자산의 처분,309970000000.0
00126380,삼성전자,2024,현금흐름표,기타포괄손익-공정가치금융자산의 처분,389680000000.0
00126380,삼성전자,2024,현금흐름표,장기금융상품의 처분,4100008000000.0
00126380,삼성전자,2024,현금흐름표,매각예정자산의 처분으로 인한 현금유입액,101563000000.0
00126380,삼성전자,2024,현금흐름표,당기손익-공정가치금융자산의 취득,70982000000.0
00126380,삼성전자,2024,현금흐름표,기타포괄손익-공정가치금융자산의 취득,185876000000.0
00126380,삼성전자,2024,현금흐름표,장기금융상품의 취득,3987279000000.0
00126380,삼성전자,2024,현금흐름표,단기상각후원가금융자산의 순감소(증가),620858000000.0
00126380,삼성전자,2024,현금흐름표,단기당기손익-공정가치금융자산의 순감소(증가),-9735000000.0
00126380,삼성전자,2024,현금흐름표,단기금융상품의 순감소(증가),-32976756000000.0
00126380,삼성전자,2024,현금흐름표,사업결합으로 인한 현금유출액,142156000000.0
00126380,삼성전자,2024,현금흐름표,기타투자활동으로 인한 현금유출입액,17114000000.0
00126380,삼성전자,2024,현금흐름표,무형자산의 처분,15869000000.0
00126380,삼성전자,2024,현금흐름표,관계기업 및 공동기업 투자의 처분,33178000000.0
00126380,삼성전자,2024,현금흐름표,유형자산의 처분,156191000000.0
00126380,삼성전자,2024,현금흐름표,무형자산의 취득,2335284000000.0
00126380,삼성전자,2024,현금흐름표,관계기업 및 공동기업 투자의 취득,11710000000.0
00126380,삼성전자,2024,현금흐름표,유형자산의 취득,51406355000000.0
00126380,삼성전자,2024,현금흐름표,영업활동현금흐름,72982621000000.0
00126380,삼성전자,2024,현금흐름표,영업에서 창출된 현금흐름,75830873000000.0
00126380,삼성전자,2024,현금흐름표,영업활동으로 인한 자산부채의 변동,-1567557000000.0
00126380,삼성전자,2024,현금흐름표,조정,42947079000000.0
00126380,삼성전자,2024,현금흐름표,당기순이익,34451351000000.0
00126380,삼성전자,2024,현금흐름표,배당금 수입,268482000000.0
00126380,삼성전자,2024,현금흐름표,법인세 납부액,6450044000000.0
00126380,삼성전자,2024,현금흐름표,이자의 지급,675049000000.0
00126380,삼성전자,2024,현금흐름표,이자의 수취,4008359000000.0
00126380,삼성전자,2024,현금흐름표,외화환산으로 인한 현금의 변동,4821010000000.0
00126380,삼성전자,2024,현금흐름표,현금및현금성자산의 증가(감소),-15375314000000.0
00126380,삼성전자,2024,자본변동표,연결실체의 변동,0.0
00126380,삼성전자,2024,자본변동표,연결실체의 변동,0.0
00126380,삼성전자,2024,자본변동표,연결실체의 변동,0.0
00126380,삼성전자,2024,자본변동표,연결실체의 변동,-76626000000.0
00126380,삼성전자,2024,자본변동표,연결실체의 변동,-76626000000.0
00126380,삼성전자,2024,자본변동표,연결실체의 변동,0.0
00126380,삼성전자,2024,자본변동표,연결실체의 변동,0.0
00126380,삼성전자,2024,자본변동표,기초자본,897514000000.0
00126380,삼성전자,2024,자본변동표,기초자본,346652238000000.0
00126380,삼성전자,2024,자본변동표,기초자본,1280130000000.0
00126380,삼성전자,2024,자본변동표,기초자본,353233775000000.0
00126380,삼성전자,2024,자본변동표,기초자본,10444090000000.0
00126380,삼성전자,2024,자본변동표,기초자본,363677865000000.0
00126380,삼성전자,2024,자본변동표,기초자본,4403893000000.0
00126380,삼성전자,2024,자본변동표,연결실체내 자본거래 등,-8511000000.0
00126380,삼성전자,2024,자본변동표,연결실체내 자본거래 등,-8511000000.0
00126380,삼성전자,2024,자본변동표,연결실체내 자본거래 등,0.0
00126380,삼성전자,2024,자본변동표,연결실체내 자본거래 등,0.0
00126380,삼성전자,2024,자본변동표,연결실체내 자본거래 등,0.0
00126380,삼성전자,2024,자본변동표,연결실체내 자본거래 등,0.0
00126380,삼성전자,2024,자본변동표,연결실체내 자본거래 등,0.0
00126380,삼성전자,2024,자본변동표,배당,10912062000000.0
00126380,삼성전자,2024,자본변동표,배당,1102625000000.0
00126380,삼성전자,2024,자본변동표,배당,9809437000000.0
00126380,삼성전자,2024,자본변동표,배당,0.0
00126380,삼성전자,2024,자본변동표,배당,9809437000000.0
00126380,삼성전자,2024,자본변동표,배당,0.0
00126380,삼성전자,2024,자본변동표,배당,0.0
00126380,삼성전자,2024,자본변동표,자본총계,391687603000000.0
00126380,삼성전자,2024,자본변동표,자본총계,10504467000000.0
00126380,삼성전자,2024,자본변동표,자본총계,402192070000000.0
00126380,삼성전자,2024,자본변동표,자본총계,15873008000000.0
00126380,삼성전자,2024,자본변동표,자본총계,4403893000000.0
00126380,삼성전자,2024,자본변동표,자본총계,897514000000.0
00126380,삼성전자,2024,자본변동표,자본총계,370513188000000.0
00126380,삼성전자,2024,자본변동표,현금흐름위험회피파생상품평가손익,0.0
00126380,삼성전자,2024,자본변동표,현금흐름위험회피파생상품평가손익,0.0
00126380,삼성전자,2024,자본변동표,현금흐름위험회피파생상품평가손익,-38946000000.0
00126380,삼성전자,2024,자본변동표,현금흐름위험회피파생상품평가손익,-38946000000.0
00126380,삼성전자,2024,자본변동표,현금흐름위험회피파생상품평가손익,0.0
00126380,삼성전자,2024,자본변동표,현금흐름위험회피파생상품평가손익,-38946000000.0
00126380,삼성전자,2024,자본변동표,현금흐름위험회피파생상품평가손익,0.0
00126380,삼성전자,2024,자본변동표,해외사업장환산외환차이,0.0
00126380,삼성전자,2024,자본변동표,해외사업장환산외환차이,0.0
00126380,삼성전자,2024,자본변동표,해외사업장환산외환차이,14963848000000.0
00126380,삼성전자,2024,자본변동표,해외사업장환산외환차이,14963848000000.0
00126380,삼성전자,2024,자본변동표,해외사업장환산외환차이,152251000000.0
00126380,삼성전자,2024,자본변동표,해외사업장환산외환차이,15116099000000.0
00126380,삼성전자,2024,자본변동표,해외사업장환산외환차이,0.0
00126380,삼성전자,2024,자본변동표,기타,26841000000.0
00126380,삼성전자,2024,자본변동표,기타,0.0
00126380,삼성전자,2024,자본변동표,기타,26841000000.0
00126380,삼성전자,2024,자본변동표,기타,26841000000.0
00126380,삼성전자,2024,자본변동표,기타,0.0
00126380,삼성전자,2024,자본변동표,기타,0.0
00126380,삼성전자,2024,자본변동표,기타,0.0
00126380,삼성전자,2024,자본변동표,기타포괄손익-공정가치금융자산평가손익,2300166000000.0
00126380,삼성전자,2024,자본변동표,기타포괄손익-공정가치금융자산평가손익,290246000000.0
00126380,삼성전자,2024,자본변동표,기타포괄손익-공정가치금융자산평가손익,2009920000000.0
00126380,삼성전자,2024,자본변동표,기타포괄손익-공정가치금융자산평가손익,0.0
00126380,삼성전자,2024,자본변동표,기타포괄손익-공정가치금융자산평가손익,49024000000.0
00126380,삼성전자,2024,자본변동표,기타포괄손익-공정가치금융자산평가손익,1960896000000.0
00126380,삼성전자,2024,자본변동표,기타포괄손익-공정가치금융자산평가손익,0.0
00126380,삼성전자,2024,자본변동표,순확정급여부채(자산) 재측정요소,-18661000000.0
00126380,삼성전자,2024,자본변동표,순확정급여부채(자산) 재측정요소,-747417000000.0
00126380,삼성전자,2024,자본변동표,순확정급여부채(자산) 재측정요소,-747417000000.0
00126380,삼성전자,2024,자본변동표,순확정급여부채(자산) 재측정요소,0.0
00126380,삼성전자,2024,자본변동표,순확정급여부채(자산) 재측정요소,0.0
00126380,삼성전자,2024,자본변동표,순확정급여부채(자산) 재측정요소,0.0
00126380,삼성전자,2024,자본변동표,순확정급여부채(자산) 재측정요소,-766078000000.0
00126380,삼성전자,2024,자본변동표,당기순이익,33621363000000.0
00126380,삼성전자,2024,자본변동표,당기순이익,829988000000.0
00126380,삼성전자,2024,자본변동표,당기순이익,34451351000000.0
00126380,삼성전자,2024,자본변동표,당기순이익,0.0
00126380,삼성전자,2024,자본변동표,당기순이익,33621363000000.0
00126380,삼성전자,2024,자본변동표,당기순이익,0.0
00126380,삼성전자,2024,자본변동표,당기순이익,0.0
00126380,삼성전자,2024,자본변동표,자기주식의 취득,-1811775000000.0
00126380,삼성전자,2024,자본변동표,자기주식의 취득,0.0
00126380,삼성전자,2024,자본변동표,자기주식의 취득,-1811775000000.0
00126380,삼성전자,2024,자본변동표,자기주식의 취득,-1811775000000.0
00126380,삼성전자,2024,자본변동표,자기주식의 취득,0.0
00126380,삼성전자,2024,자본변동표,자기주식의 취득,0.0
00126380,삼성전자,2024,자본변동표,자기주식의 취득,0.0
00126380,삼성전자,2024,자본변동표,관계기업 및 공동기업의 기타포괄손익에 대한 지분,233746000000.0
00126380,삼성전자,2024,자본변동표,관계기업 및 공동기업의 기타포괄손익에 대한 지분,-5685000000.0
00126380,삼성전자,2024,자본변동표,관계기업 및 공동기업의 기타포괄손익에 대한 지분,239431000000.0
00126380,삼성전자,2024,자본변동표,관계기업 및 공동기업의 기타포괄손익에 대한 지분,0.0
00126380,삼성전자,2024,자본변동표,관계기업 및 공동기업의 기타포괄손익에 대한 지분,0.0
00126380,삼성전자,2024,자본변동표,관계기업 및 공동기업의 기타포괄손익에 대한 지분,239431000000.0
00126380,삼성전자,2024,자본변동표,관계기업 및 공동기업의 기타포괄손익에 대한 지분,0.0
00126380,삼성전자,2025,재무상태표,자산총계,566942110000000.0
00126380,삼성전자,2025,재무상태표,유동자산,247684612000000.0
00126380,삼성전자,2025,재무상태표,미수금,7481327000000.0
00126380,삼성전자,2025,재무상태표,현금및현금성자산,57856378000000.0
00126380,삼성전자,2025,재무상태표,단기상각후원가금융자산,0.0
00126380,삼성전자,2025,재무상태표,단기당기손익-공정가치금융자산,25715000000.0
00126380,삼성전자,2025,재무상태표,선급비용,3627172000000.0
00126380,삼성전자,2025,재무상태표,매출채권,51127642000000.0
00126380,삼성전자,2025,재무상태표,재고자산,52636828000000.0
00126380,삼성전자,2025,재무상태표,매각예정분류자산,0.0
00126380,삼성전자,2025,재무상태표,기타유동자산,6964529000000.0
00126380,삼성전자,2025,재무상태표,단기금융상품,67965021000000.0
00126380,삼성전자,2025,재무상태표,비유동자산,319257498000000.0
00126380,삼성전자,2025,재무상태표,이연법인세자산,18840559000000.0
00126380,삼성전자,2025,재무상태표,무형자산,29480565000000.0
00126380,삼성전자,2025,재무상태표,관계기업 및 공동기업 투자,13772121000000.0
00126380,삼성전자,2025,재무상태표,당기손익-공정가치금융자산,1280501000000.0
00126380,삼성전자,2025,재무상태표,기타포괄손익-공정가치금융자산,16295005000000.0
00126380,삼성전자,2025,재무상태표,순확정급여자산,4271547000000.0
00126380,삼성전자,2025,재무상태표,기타비유동자산,20012416000000.0
00126380,삼성전자,2025,재무상태표,유형자산,215304784000000.0
00126380,삼성전자,2025,재무상태표,자본총계,436320337000000.0
00126380,삼성전자,2025,재무상태표,지배기업 소유주지분,424313255000000.0
00126380,삼성전자,2025,재무상태표,기타자본항목,16876248000000.0
00126380,삼성전자,2025,재무상태표,자본금,897514000000.0
00126380,삼성전자,2025,재무상태표,보통주자본금,778047000000.0
00126380,삼성전자,2025,재무상태표,우선주자본금,119467000000.0
00126380,삼성전자,2025,재무상태표,이익잉여금,402135600000000.0
00126380,삼성전자,2025,재무상태표,주식발행초과금,4403893000000.0
00126380,삼성전자,2025,재무상태표,비지배지분,12007082000000.0
00126380,삼성전자,2025,재무상태표,부채와자본총계,566942110000000.0
00126380,삼성전자,2025,재무상태표,유동부채,106411348000000.0
00126380,삼성전자,2025,재무상태표,예수금,1001885000000.0
00126380,삼성전자,2025,재무상태표,단기차입금,17574980000000.0
00126380,삼성전자,2025,재무상태표,미지급비용,32707431000000.0
00126380,삼성전자,2025,재무상태표,선수금,1933598000000.0
00126380,삼성전자,2025,재무상태표,유동성장기부채,1177508000000.0
00126380,삼성전자,2025,재무상태표,당기법인세부채,7037174000000.0
00126380,삼성전자,2025,재무상태표,매각예정분류부채,0.0
00126380,삼성전자,2025,재무상태표,기타유동부채,2883176000000.0
00126380,삼성전자,2025,재무상태표,미지급금,21365657000000.0
00126380,삼성전자,2025,재무상태표,충당부채,7690559000000.0
00126380,삼성전자,2025,재무상태표,매입채무,13039380000000.0
00126380,삼성전자,2025,재무상태표,부채총계,130621773000000.0
00126380,삼성전자,2025,재무상태표,비유동부채,24210425000000.0
00126380,삼성전자,2025,재무상태표,이연법인세부채,709226000000.0
00126380,삼성전자,2025,재무상태표,사채,7134000000.0
00126380,삼성전자,2025,재무상태표,장기차입금,6479517000000.0
00126380,삼성전자,2025,재무상태표,순확정급여부채,558520000000.0
00126380,삼성전자,2025,재무상태표,장기충당부채,2900411000000.0
00126380,삼성전자,2025,재무상태표,기타비유동부채,7953586000000.0
00126380,삼성전자,2025,재무상태표,장기미지급금,5602031000000.0
00126380,삼성전자,2025,손익계산서,영업이익,43601051000000.0
00126380,삼성전자,2025,손익계산서,기타수익,2267083000000.0
00126380,삼성전자,2025,손익계산서,기타비용,1575901000000.0
00126380,삼성전자,2025,손익계산서,판매비와관리비,87769374000000.0
00126380,삼성전자,2025,손익계산서,매출원가,202235513000000.0
00126380,삼성전자,2025,손익계산서,기본주당이익,6605.0
00126380,삼성전자,2025,손익계산서,희석주당이익,6603.0
00126380,삼성전자,2025,손익계산서,금융비용,11733764000000.0
00126380,삼성전자,2025,손익계산서,금융수익,16240302000000.0
00126380,삼성전자,2025,손익계산서,매출총이익,131370425000000.0
00126380,삼성전자,2025,손익계산서,법인세비용(수익),4274666000000.0
00126380,삼성전자,2025,손익계산서,당기순이익,45206805000000.0
00126380,삼성전자,2025,손익계산서,비지배지분,945849000000.0
00126380,삼성전자,2025,손익계산서,지배기업 소유주지분,44260956000000.0
00126380,삼성전자,2025,손익계산서,법인세비용차감전순이익,49481471000000.0
00126380,삼성전자,2025,손익계산서,매출액,333605938000000.0
00126380,삼성전자,2025,손익계산서,지분법이익,682700000000.0
00126380,삼성전자,2025,포괄손익계산서,총포괄손익,51290524000000.0
00126380,삼성전자,2025,포괄손익계산서,비지배지분,1386561000000.0
00126380,삼성전자,2025,포괄손익계산서,지배기업 소유주지분,49903963000000.0
00126380,삼성전자,2025,포괄손익계산서,연결기타포괄손익,6083719000000.0
00126380,삼성전자,2025,포괄손익계산서,후속적으로 당기손익으로 재분류되는 포괄손익,1205886000000.0
00126380,삼성전자,2025,포괄손익계산서,현금흐름위험회피파생상품평가손익,1706000000.0
00126380,삼성전자,2025,포괄손익계산서,해외사업장환산외환차이,960019000000.0
00126380,삼성전자,2025,포괄손익계산서,관계기업 및 공동기업의 기타포괄손익에 대한 지분,244161000000.0
00126380,삼성전자,2025,포괄손익계산서,후속적으로 당기손익으로 재분류되지 않는 포괄손익,4877833000000.0
00126380,삼성전자,2025,포괄손익계산서,기타포괄손익-공정가치금융자산평가손익,4678338000000.0
00126380,삼성전자,2025,포괄손익계산서,순확정급여부채(자산) 재측정요소,106691000000.0
00126380,삼성전자,2025,포괄손익계산서,관계기업 및 공동기업의 기타포괄손익에 대한 지분,92804000000.0
00126380,삼성전자,2025,포괄손익계산서,당기순이익,45206805000000.0
00126380,삼성전자,2025,현금흐름표,기초의 현금및현금성자산,53705579000000.0
00126380,삼성전자,2025,현금흐름표,기말의 현금및현금성자산,57856378000000.0
00126380,삼성전자,2025,현금흐름표,매각예정분류,0.0
00126380,삼성전자,2025,현금흐름표,재무활동현금흐름,-13478040000000.0
00126380,삼성전자,2025,현금흐름표,자기주식의 취득,8189263000000.0
00126380,삼성전자,2025,현금흐름표,비지배지분의 증감,973000000.0
00126380,삼성전자,2025,현금흐름표,장기차입금의 차입,2807001000000.0
00126380,삼성전자,2025,현금흐름표,단기차입금의 순증가(감소),4655349000000.0
00126380,삼성전자,2025,현금흐름표,배당금의 지급,9897183000000.0
00126380,삼성전자,2025,현금흐름표,사채 및 장기차입금의 상환,2852971000000.0
00126380,삼성전자,2025,현금흐름표,투자활동현금흐름,-68512206000000.0
00126380,삼성전자,2025,현금흐름표,당기손익-공정가치금융자산의 처분,142584000000.0
00126380,삼성전자,2025,현금흐름표,기타포괄손익-공정가치금융자산의 처분,851834000000.0
00126380,삼성전자,2025,현금흐름표,장기금융상품의 처분,4519179000000.0
00126380,삼성전자,2025,현금흐름표,매각예정분류자산 처분으로 인한 현금유입액,0.0
00126380,삼성전자,2025,현금흐름표,당기손익-공정가치금융자산의 취득,146774000000.0
00126380,삼성전자,2025,현금흐름표,기타포괄손익-공정가치금융자산의 취득,129636000000.0
00126380,삼성전자,2025,현금흐름표,장기금융상품의 취득,13533556000000.0
00126380,삼성전자,2025,현금흐름표,단기상각후원가금융자산의 순감소(증가),0.0
00126380,삼성전자,2025,현금흐름표,단기당기손익-공정가치금융자산의 순감소(증가),11163000000.0
00126380,삼성전자,2025,현금흐름표,단기금융상품의 순감소(증가),-6701150000000.0
00126380,삼성전자,2025,현금흐름표,사업양도로 인한 현금유입액,418093000000.0
00126380,삼성전자,2025,현금흐름표,사업결합으로 인한 순현금유출액,3131539000000.0
00126380,삼성전자,2025,현금흐름표,기타투자활동으로 인한 현금유출입액,-226491000000.0
00126380,삼성전자,2025,현금흐름표,정부보조금의 수취,1722357000000.0
00126380,삼성전자,2025,현금흐름표,무형자산의 처분,13554000000.0
00126380,삼성전자,2025,현금흐름표,관계기업 및 공동기업 투자의 처분,6643000000.0
00126380,삼성전자,2025,현금흐름표,유형자산의 처분,149828000000.0
00126380,삼성전자,2025,현금흐름표,무형자산의 취득,4630970000000.0
00126380,삼성전자,2025,현금흐름표,관계기업 및 공동기업 투자의 취득,325146000000.0
00126380,삼성전자,2025,현금흐름표,유형자산의 취득,47522179000000.0
00126380,삼성전자,2025,현금흐름표,영업활동현금흐름,85315148000000.0
00126380,삼성전자,2025,현금흐름표,영업에서 창출된 현금흐름,87988515000000.0
00126380,삼성전자,2025,현금흐름표,영업활동으로 인한 자산부채의 변동,-9613906000000.0
00126380,삼성전자,2025,현금흐름표,조정,52395616000000.0
00126380,삼성전자,2025,현금흐름표,당기순이익,45206805000000.0
00126380,삼성전자,2025,현금흐름표,배당금 수입,253105000000.0
00126380,삼성전자,2025,현금흐름표,법인세 납부액,7137295000000.0
00126380,삼성전자,2025,현금흐름표,이자의 지급,469730000000.0
00126380,삼성전자,2025,현금흐름표,이자의 수취,4680553000000.0
00126380,삼성전자,2025,현금흐름표,외화환산으로 인한 현금의 변동,825897000000.0
00126380,삼성전자,2025,현금흐름표,현금및현금성자산의 증가(감소),4150799000000.0
00126380,삼성전자,2025,자본변동표,연결실체의 변동,0.0
00126380,삼성전자,2025,자본변동표,연결실체의 변동,0.0
00126380,삼성전자,2025,자본변동표,연결실체의 변동,0.0
00126380,삼성전자,2025,자본변동표,연결실체의 변동,204471000000.0
00126380,삼성전자,2025,자본변동표,연결실체의 변동,204471000000.0
00126380,삼성전자,2025,자본변동표,연결실체의 변동,0.0
00126380,삼성전자,2025,자본변동표,연결실체의 변동,0.0
00126380,삼성전자,2025,자본변동표,기초자본,897514000000.0
00126380,삼성전자,2025,자본변동표,기초자본,370513188000000.0
00126380,삼성전자,2025,자본변동표,기초자본,15873008000000.0
00126380,삼성전자,2025,자본변동표,기초자본,391687603000000.0
00126380,삼성전자,2025,자본변동표,기초자본,10504467000000.0
00126380,삼성전자,2025,자본변동표,기초자본,402192070000000.0
00126380,삼성전자,2025,자본변동표,기초자본,4403893000000.0
00126380,삼성전자,2025,자본변동표,연결실체내 자본거래 등,-973000000.0
00126380,삼성전자,2025,자본변동표,연결실체내 자본거래 등,-973000000.0
00126380,삼성전자,2025,자본변동표,연결실체내 자본거래 등,0.0
00126380,삼성전자,2025,자본변동표,연결실체내 자본거래 등,0.0
00126380,삼성전자,2025,자본변동표,연결실체내 자본거래 등,0.0
00126380,삼성전자,2025,자본변동표,연결실체내 자본거래 등,0.0
00126380,삼성전자,2025,자본변동표,연결실체내 자본거래 등,0.0
00126380,삼성전자,2025,자본변동표,자기주식의 소각,0.0
00126380,삼성전자,2025,자본변동표,자기주식의 소각,0.0
00126380,삼성전자,2025,자본변동표,자기주식의 소각,0.0
00126380,삼성전자,2025,자본변동표,자기주식의 소각,3049041000000.0
00126380,삼성전자,2025,자본변동표,자기주식의 소각,-3049041000000.0
00126380,삼성전자,2025,자본변동표,자기주식의 소각,0.0
00126380,삼성전자,2025,자본변동표,자기주식의 소각,0.0
00126380,삼성전자,2025,자본변동표,배당,9808728000000.0
00126380,삼성전자,2025,자본변동표,배당,87444000000.0
00126380,삼성전자,2025,자본변동표,배당,9896172000000.0
00126380,삼성전자,2025,자본변동표,배당,0.0
00126380,삼성전자,2025,자본변동표,배당,0.0
00126380,삼성전자,2025,자본변동표,배당,0.0
00126380,삼성전자,2025,자본변동표,배당,9808728000000.0
00126380,삼성전자,2025,자본변동표,자본총계,897514000000.0
00126380,삼성전자,2025,자본변동표,자본총계,402135600000000.0
00126380,삼성전자,2025,자본변동표,자본총계,16876248000000.0
00126380,삼성전자,2025,자본변동표,자본총계,424313255000000.0
00126380,삼성전자,2025,자본변동표,자본총계,12007082000000.0
00126380,삼성전자,2025,자본변동표,자본총계,436320337000000.0
00126380,삼성전자,2025,자본변동표,자본총계,4403893000000.0
00126380,삼성전자,2025,자본변동표,현금흐름위험회피파생상품평가손익,0.0
00126380,삼성전자,2025,자본변동표,현금흐름위험회피파생상품평가손익,0.0
00126380,삼성전자,2025,자본변동표,현금흐름위험회피파생상품평가손익,1706000000.0
00126380,삼성전자,2025,자본변동표,현금흐름위험회피파생상품평가손익,1706000000.0
00126380,삼성전자,2025,자본변동표,현금흐름위험회피파생상품평가손익,0.0
00126380,삼성전자,2025,자본변동표,현금흐름위험회피파생상품평가손익,1706000000.0
00126380,삼성전자,2025,자본변동표,현금흐름위험회피파생상품평가손익,0.0
00126380,삼성전자,2025,자본변동표,해외사업장환산외환차이,960019000000.0
00126380,삼성전자,2025,자본변동표,해외사업장환산외환차이,-43107000000.0
00126380,삼성전자,2025,자본변동표,해외사업장환산외환차이,1003126000000.0
00126380,삼성전자,2025,자본변동표,해외사업장환산외환차이,1003126000000.0
00126380,삼성전자,2025,자본변동표,해외사업장환산외환차이,0.0
00126380,삼성전자,2025,자본변동표,해외사업장환산외환차이,0.0
00126380,삼성전자,2025,자본변동표,해외사업장환산외환차이,0.0
00126380,삼성전자,2025,자본변동표,주식기준보상,711447000000.0
00126380,삼성전자,2025,자본변동표,주식기준보상,0.0
00126380,삼성전자,2025,자본변동표,주식기준보상,711447000000.0
00126380,삼성전자,2025,자본변동표,주식기준보상,0.0
00126380,삼성전자,2025,자본변동표,주식기준보상,0.0
00126380,삼성전자,2025,자본변동표,주식기준보상,711447000000.0
00126380,삼성전자,2025,자본변동표,주식기준보상,0.0
00126380,삼성전자,2025,자본변동표,기타,0.0
00126380,삼성전자,2025,자본변동표,기타,8233000000.0
00126380,삼성전자,2025,자본변동표,기타,8233000000.0
00126380,삼성전자,2025,자본변동표,기타,0.0
00126380,삼성전자,2025,자본변동표,기타,0.0
00126380,삼성전자,2025,자본변동표,기타,0.0
00126380,삼성전자,2025,자본변동표,기타,8233000000.0
00126380,삼성전자,2025,자본변동표,기타포괄손익-공정가치금융자산평가손익,4213173000000.0
00126380,삼성전자,2025,자본변동표,기타포괄손익-공정가치금융자산평가손익,465165000000.0
00126380,삼성전자,2025,자본변동표,기타포괄손익-공정가치금융자산평가손익,4678338000000.0
00126380,삼성전자,2025,자본변동표,기타포괄손익-공정가치금융자산평가손익,3993948000000.0
00126380,삼성전자,2025,자본변동표,기타포괄손익-공정가치금융자산평가손익,219225000000.0
00126380,삼성전자,2025,자본변동표,기타포괄손익-공정가치금융자산평가손익,0.0
00126380,삼성전자,2025,자본변동표,기타포괄손익-공정가치금융자산평가손익,0.0
00126380,삼성전자,2025,자본변동표,순확정급여부채(자산) 재측정요소,106691000000.0
00126380,삼성전자,2025,자본변동표,순확정급여부채(자산) 재측정요소,17941000000.0
00126380,삼성전자,2025,자본변동표,순확정급여부채(자산) 재측정요소,88750000000.0
00126380,삼성전자,2025,자본변동표,순확정급여부채(자산) 재측정요소,88750000000.0
00126380,삼성전자,2025,자본변동표,순확정급여부채(자산) 재측정요소,0.0
00126380,삼성전자,2025,자본변동표,순확정급여부채(자산) 재측정요소,0.0
00126380,삼성전자,2025,자본변동표,순확정급여부채(자산) 재측정요소,0.0
00126380,삼성전자,2025,자본변동표,당기순이익,44260956000000.0
00126380,삼성전자,2025,자본변동표,당기순이익,945849000000.0
00126380,삼성전자,2025,자본변동표,당기순이익,45206805000000.0
00126380,삼성전자,2025,자본변동표,당기순이익,0.0
00126380,삼성전자,2025,자본변동표,당기순이익,0.0
00126380,삼성전자,2025,자본변동표,당기순이익,0.0
00126380,삼성전자,2025,자본변동표,당기순이익,44260956000000.0
00126380,삼성전자,2025,자본변동표,자기주식의 취득,8189263000000.0
00126380,삼성전자,2025,자본변동표,자기주식의 취득,0.0
00126380,삼성전자,2025,자본변동표,자기주식의 취득,8189263000000.0
00126380,삼성전자,2025,자본변동표,자기주식의 취득,8189263000000.0
00126380,삼성전자,2025,자본변동표,자기주식의 취득,0.0
00126380,삼성전자,2025,자본변동표,자기주식의 취득,0.0
00126380,삼성전자,2025,자본변동표,자기주식의 취득,0.0
00126380,삼성전자,2025,자본변동표,관계기업 및 공동기업의 기타포괄손익에 대한 지분,336965000000.0
00126380,삼성전자,2025,자본변동표,관계기업 및 공동기업의 기타포괄손익에 대한 지분,713000000.0
00126380,삼성전자,2025,자본변동표,관계기업 및 공동기업의 기타포괄손익에 대한 지분,336252000000.0
00126380,삼성전자,2025,자본변동표,관계기업 및 공동기업의 기타포괄손익에 대한 지분,0.0
00126380,삼성전자,2025,자본변동표,관계기업 및 공동기업의 기타포괄손익에 대한 지분,0.0
00126380,삼성전자,2025,자본변동표,관계기업 및 공동기업의 기타포괄손익에 대한 지분,336252000000.0
00126380,삼성전자,2025,자본변동표,관계기업 및 공동기업의 기타포괄손익에 대한 지분,0.0
00164779,SK하이닉스,2023,재무상태표,자산총계,100330165000000.0
00164779,SK하이닉스,2023,재무상태표,유동자산,30468100000000.0
00164779,SK하이닉스,2023,재무상태표,매각예정자산,29441000000.0
00164779,SK하이닉스,2023,재무상태표,현금및현금성자산,7587329000000.0
00164779,SK하이닉스,2023,재무상태표,단기투자자산,860972000000.0
00164779,SK하이닉스,2023,재무상태표,당기법인세자산,69916000000.0
00164779,SK하이닉스,2023,재무상태표,매출채권,6600273000000.0
00164779,SK하이닉스,2023,재무상태표,재고자산,13480659000000.0
00164779,SK하이닉스,2023,재무상태표,기타유동자산,925502000000.0
00164779,SK하이닉스,2023,재무상태표,기타금융자산,83750000000.0
00164779,SK하이닉스,2023,재무상태표,기타수취채권,357641000000.0
00164779,SK하이닉스,2023,재무상태표,단기금융상품,472617000000.0
00164779,SK하이닉스,2023,재무상태표,비유동자산,69862065000000.0
00164779,SK하이닉스,2023,재무상태표,이연법인세자산,2989472000000.0
00164779,SK하이닉스,2023,재무상태표,무형자산,3834567000000.0
00164779,SK하이닉스,2023,재무상태표,관계기업 및 공동기업투자,1367348000000.0
00164779,SK하이닉스,2023,재무상태표,투자부동산,211000000.0
00164779,SK하이닉스,2023,재무상태표,장기투자자산,4105704000000.0
00164779,SK하이닉스,2023,재무상태표,종업원급여자산,1404014000000.0
00164779,SK하이닉스,2023,재무상태표,기타비유동자산,217822000000.0
00164779,SK하이닉스,2023,재무상태표,기타금융자산,68217000000.0
00164779,SK하이닉스,2023,재무상태표,기타수취채권,475013000000.0
00164779,SK하이닉스,2023,재무상태표,유형자산,52704853000000.0
00164779,SK하이닉스,2023,재무상태표,사용권자산,2694844000000.0
00164779,SK하이닉스,2023,재무상태표,자본총계,53503752000000.0
00164779,SK하이닉스,2023,재무상태표,지배기업의 소유주에게 귀속되는 자본,53504285000000.0
00164779,SK하이닉스,2023,재무상태표,자본잉여금,4372559000000.0
00164779,SK하이닉스,2023,재무상태표,기타자본,-2269294000000.0
00164779,SK하이닉스,2023,재무상태표,기타포괄손익누계액,1014055000000.0
00164779,SK하이닉스,2023,재무상태표,자본금,3657652000000.0
00164779,SK하이닉스,2023,재무상태표,이익잉여금,46729313000000.0
00164779,SK하이닉스,2023,재무상태표,비지배지분,-533000000.0
00164779,SK하이닉스,2023,재무상태표,부채및자본총계,100330165000000.0
00164779,SK하이닉스,2023,재무상태표,유동부채,21007810000000.0
00164779,SK하이닉스,2023,재무상태표,기타지급채무,1688631000000.0
00164779,SK하이닉스,2023,재무상태표,미지급금,3293308000000.0
00164779,SK하이닉스,2023,재무상태표,차입금,9857189000000.0
00164779,SK하이닉스,2023,재무상태표,리스부채,631497000000.0
00164779,SK하이닉스,2023,재무상태표,충당부채,286517000000.0
00164779,SK하이닉스,2023,재무상태표,당기법인세부채,43890000000.0
00164779,SK하이닉스,2023,재무상태표,기타금융부채,1478980000000.0
00164779,SK하이닉스,2023,재무상태표,기타 유동부채,1882261000000.0
00164779,SK하이닉스,2023,재무상태표,매입채무,1845537000000.0
00164779,SK하이닉스,2023,재무상태표,부채총계,46826413000000.0
00164779,SK하이닉스,2023,재무상태표,비유동부채,25818603000000.0
00164779,SK하이닉스,2023,재무상태표,기타지급채무,96567000000.0
00164779,SK하이닉스,2023,재무상태표,이연법인세부채,114396000000.0
00164779,SK하이닉스,2023,재무상태표,차입금,19611443000000.0
00164779,SK하이닉스,2023,재무상태표,리스부채,2398377000000.0
00164779,SK하이닉스,2023,재무상태표,충당부채,1603000000.0
00164779,SK하이닉스,2023,재무상태표,확정급여부채,63932000000.0
00164779,SK하이닉스,2023,재무상태표,기타금융부채,3247000000.0
00164779,SK하이닉스,2023,재무상태표,기타 비유동 부채,385402000000.0
00164779,SK하이닉스,2023,재무상태표,장기미지급금,3143636000000.0
00164779,SK하이닉스,2023,포괄손익계산서,영업이익(손실),-7730313000000.0
00164779,SK하이닉스,2023,포괄손익계산서,기타영업외수익,623867000000.0
00164779,SK하이닉스,2023,포괄손익계산서,기타영업외비용,735065000000.0
00164779,SK하이닉스,2023,포괄손익계산서,판매비와관리비,7196865000000.0
00164779,SK하이닉스,2023,포괄손익계산서,총포괄손익,-9037496000000.0
00164779,SK하이닉스,2023,포괄손익계산서,비지배지분,-22497000000.0
00164779,SK하이닉스,2023,포괄손익계산서,지배기업의 소유주지분,-9014999000000.0
00164779,SK하이닉스,2023,포괄손익계산서,매출원가,33299167000000.0
00164779,SK하이닉스,2023,포괄손익계산서,기본주당이익(손실),-13244.0
00164779,SK하이닉스,2023,포괄손익계산서,희석주당이익(손실),-13244.0
00164779,SK하이닉스,2023,포괄손익계산서,금융비용,6093167000000.0
00164779,SK하이닉스,2023,포괄손익계산서,금융수익,2261801000000.0
00164779,SK하이닉스,2023,포괄손익계산서,매출총이익,-533448000000.0
00164779,SK하이닉스,2023,포괄손익계산서,법인세비용(수익),-2520269000000.0
00164779,SK하이닉스,2023,포괄손익계산서,법인세차감후 기타포괄손익,100051000000.0
00164779,SK하이닉스,2023,포괄손익계산서,파생상품평가이익,-22414000000.0
00164779,SK하이닉스,2023,포괄손익계산서,해외사업장환산외환차이,132561000000.0
00164779,SK하이닉스,2023,포괄손익계산서,관계기업의 기타포괄손익에 대한 지분,7848000000.0
00164779,SK하이닉스,2023,포괄손익계산서,확정급여부채의 재측정요소,-17944000000.0
00164779,SK하이닉스,2023,포괄손익계산서,당기순이익(손실),-9137547000000.0
00164779,SK하이닉스,2023,포괄손익계산서,비지배지분,-25119000000.0
00164779,SK하이닉스,2023,포괄손익계산서,지배기업의 소유주지분,-9112428000000.0
00164779,SK하이닉스,2023,포괄손익계산서,법인세비용차감전순이익(손실),-11657816000000.0
00164779,SK하이닉스,2023,포괄손익계산서,매출액,32765719000000.0
00164779,SK하이닉스,2023,포괄손익계산서,지분법투자 관련 손익,15061000000.0
00164779,SK하이닉스,2023,현금흐름표,기초현금및현금성자산,4977007000000.0
00164779,SK하이닉스,2023,현금흐름표,기말현금및현금성자산,7587329000000.0
00164779,SK하이닉스,2023,현금흐름표,재무활동현금흐름,5696845000000.0
00164779,SK하이닉스,2023,현금흐름표,자기주식의 처분,24519000000.0
00164779,SK하이닉스,2023,현금흐름표,리스부채의 상환,461466000000.0
00164779,SK하이닉스,2023,현금흐름표,주식선택권의 행사,53000000.0
00164779,SK하이닉스,2023,현금흐름표,종속기업 유상증자 및 소유지분변동,-9220000000.0
00164779,SK하이닉스,2023,현금흐름표,배당금의 지급,825575000000.0
00164779,SK하이닉스,2023,현금흐름표,차입금의 차입,20657967000000.0
00164779,SK하이닉스,2023,현금흐름표,차입금의 상환,13689433000000.0
00164779,SK하이닉스,2023,현금흐름표,투자활동현금흐름,-7334727000000.0
00164779,SK하이닉스,2023,현금흐름표,기타수취채권의 감소,47564000000.0
00164779,SK하이닉스,2023,현금흐름표,기타금융자산의 감소,577000000.0
00164779,SK하이닉스,2023,현금흐름표,단기금융상품의 감소,1409187000000.0
00164779,SK하이닉스,2023,현금흐름표,기타수취채권의 증가,251498000000.0
00164779,SK하이닉스,2023,현금흐름표,기타금융자산의 처분(취득),5358000000.0
00164779,SK하이닉스,2023,현금흐름표,단기금융상품의 증가,1469396000000.0
00164779,SK하이닉스,2023,현금흐름표,장기투자자산의 처분,18279000000.0
00164779,SK하이닉스,2023,현금흐름표,장기투자자산의 취득,30537000000.0
00164779,SK하이닉스,2023,현금흐름표,단기투자자산의 순증감,199912000000.0
00164779,SK하이닉스,2023,현금흐름표,무형자산의 처분,484000000.0
00164779,SK하이닉스,2023,현금흐름표,관계기업투자의 처분,8847000000.0
00164779,SK하이닉스,2023,현금흐름표,유형자산의 처분,1539825000000.0
00164779,SK하이닉스,2023,현금흐름표,무형자산의 취득,454710000000.0
00164779,SK하이닉스,2023,현금흐름표,관계기업투자의 취득,22765000000.0
00164779,SK하이닉스,2023,현금흐름표,유형자산의 취득,8325138000000.0
00164779,SK하이닉스,2023,현금흐름표,영업활동현금흐름,4278191000000.0
00164779,SK하이닉스,2023,현금흐름표,영업에서 창출된 현금흐름,6688866000000.0
00164779,SK하이닉스,2023,현금흐름표,배당금수취,35935000000.0
00164779,SK하이닉스,2023,현금흐름표,법인세의 납부,1383942000000.0
00164779,SK하이닉스,2023,현금흐름표,이자의 지급,1261540000000.0
00164779,SK하이닉스,2023,현금흐름표,이자수취,198872000000.0
00164779,SK하이닉스,2023,현금흐름표,현금및현금성자산에 대한 환율변동효과,-29987000000.0
00164779,SK하이닉스,2023,현금흐름표,현금및현금성자산의순증가(감소),2610322000000.0
00164779,SK하이닉스,2023,자본변동표,기초자본,4336170000000.0
00164779,SK하이닉스,2023,자본변동표,기초자본,-2311409000000.0
00164779,SK하이닉스,2023,자본변동표,기초자본,898682000000.0
00164779,SK하이닉스,2023,자본변동표,기초자본,56685260000000.0
00164779,SK하이닉스,2023,자본변동표,기초자본,3657652000000.0
00164779,SK하이닉스,2023,자본변동표,기초자본,24187000000.0
00164779,SK하이닉스,2023,자본변동표,기초자본,63290542000000.0
00164779,SK하이닉스,2023,자본변동표,기초자본,63266355000000.0
00164779,SK하이닉스,2023,자본변동표,자기주식의 처분,41364000000.0
00164779,SK하이닉스,2023,자본변동표,자기주식의 처분,41364000000.0
00164779,SK하이닉스,2023,자본변동표,자기주식의 처분,27798000000.0
00164779,SK하이닉스,2023,자본변동표,자기주식의 처분,13566000000.0
00164779,SK하이닉스,2023,자본변동표,주식선택권의 부여/행사,4530000000.0
00164779,SK하이닉스,2023,자본변동표,주식선택권의 부여/행사,44138000000.0
00164779,SK하이닉스,2023,자본변동표,주식선택권의 부여/행사,39608000000.0
00164779,SK하이닉스,2023,자본변동표,주식선택권의 부여/행사,25291000000.0
00164779,SK하이닉스,2023,자본변동표,주식선택권의 부여/행사,14317000000.0
00164779,SK하이닉스,2023,자본변동표,배당금의 지급,825575000000.0
00164779,SK하이닉스,2023,자본변동표,배당금의 지급,825575000000.0
00164779,SK하이닉스,2023,자본변동표,배당금의 지급,825575000000.0
00164779,SK하이닉스,2023,자본변동표,자본총계,53503752000000.0
00164779,SK하이닉스,2023,자본변동표,자본총계,-533000000.0
00164779,SK하이닉스,2023,자본변동표,자본총계,4372559000000.0
00164779,SK하이닉스,2023,자본변동표,자본총계,3657652000000.0
00164779,SK하이닉스,2023,자본변동표,자본총계,46729313000000.0
00164779,SK하이닉스,2023,자본변동표,자본총계,1014055000000.0
00164779,SK하이닉스,2023,자본변동표,자본총계,-2269294000000.0
00164779,SK하이닉스,2023,자본변동표,자본총계,53504285000000.0
00164779,SK하이닉스,2023,자본변동표,지배력을 상실하지 않는 종속기업에 대한 소유지분의 변동에 따른 증가(감소),-2468000000.0
00164779,SK하이닉스,2023,자본변동표,지배력을 상실하지 않는 종속기업에 대한 소유지분의 변동에 따른 증가(감소),-6753000000.0
00164779,SK하이닉스,2023,자본변동표,지배력을 상실하지 않는 종속기업에 대한 소유지분의 변동에 따른 증가(감소),-9221000000.0
00164779,SK하이닉스,2023,자본변동표,지배력을 상실하지 않는 종속기업에 대한 소유지분의 변동에 따른 증가(감소),-2468000000.0
00164779,SK하이닉스,2023,자본변동표,파생금융상품평가이익,-22414000000.0
00164779,SK하이닉스,2023,자본변동표,파생금융상품평가이익,-22414000000.0
00164779,SK하이닉스,2023,자본변동표,파생금융상품평가이익,-22414000000.0
00164779,SK하이닉스,2023,자본변동표,해외사업장환산외환차이,129939000000.0
00164779,SK하이닉스,2023,자본변동표,해외사업장환산외환차이,2622000000.0
00164779,SK하이닉스,2023,자본변동표,해외사업장환산외환차이,132561000000.0
00164779,SK하이닉스,2023,자본변동표,해외사업장환산외환차이,129939000000.0
00164779,SK하이닉스,2023,자본변동표,확정급여부채의 재측정요소,-17944000000.0
00164779,SK하이닉스,2023,자본변동표,확정급여부채의 재측정요소,-17944000000.0
00164779,SK하이닉스,2023,자본변동표,확정급여부채의 재측정요소,-17944000000.0
00164779,SK하이닉스,2023,자본변동표,당기순이익(손실),-9137547000000.0
00164779,SK하이닉스,2023,자본변동표,당기순이익(손실),-25119000000.0
00164779,SK하이닉스,2023,자본변동표,당기순이익(손실),-9112428000000.0
00164779,SK하이닉스,2023,자본변동표,당기순이익(손실),-9112428000000.0
00164779,SK하이닉스,2023,자본변동표,관계기업의 기타포괄손익에 대한 지분,7848000000.0
00164779,SK하이닉스,2023,자본변동표,관계기업의 기타포괄손익에 대한 지분,7848000000.0
00164779,SK하이닉스,2023,자본변동표,관계기업의 기타포괄손익에 대한 지분,7848000000.0
00164779,SK하이닉스,2024,재무상태표,자산총계,119855209000000.0
00164779,SK하이닉스,2024,재무상태표,유동자산,42278887000000.0
00164779,SK하이닉스,2024,재무상태표,현금및현금성자산,11205117000000.0
00164779,SK하이닉스,2024,재무상태표,단기투자자산,569236000000.0
00164779,SK하이닉스,2024,재무상태표,당기법인세자산,57467000000.0
00164779,SK하이닉스,2024,재무상태표,매출채권,13019006000000.0
00164779,SK하이닉스,2024,재무상태표,재고자산,13313937000000.0
00164779,SK하이닉스,2024,재무상태표,매각예정자산,0.0
00164779,SK하이닉스,2024,재무상태표,기타유동자산,1393744000000.0
00164779,SK하이닉스,2024,재무상태표,기타금융자산,45309000000.0
00164779,SK하이닉스,2024,재무상태표,기타수취채권,293061000000.0
00164779,SK하이닉스,2024,재무상태표,단기금융상품,2382010000000.0
00164779,SK하이닉스,2024,재무상태표,비유동자산,77576322000000.0
00164779,SK하이닉스,2024,재무상태표,이연법인세자산,2811559000000.0
00164779,SK하이닉스,2024,재무상태표,무형자산,4018847000000.0
00164779,SK하이닉스,2024,재무상태표,관계기업 및 공동기업투자,1940663000000.0
00164779,SK하이닉스,2024,재무상태표,투자부동산,200000000.0
00164779,SK하이닉스,2024,재무상태표,장기투자자산,4041276000000.0
00164779,SK하이닉스,2024,재무상태표,종업원급여자산,1154255000000.0
00164779,SK하이닉스,2024,재무상태표,기타비유동자산,174142000000.0
00164779,SK하이닉스,2024,재무상태표,기타금융자산,346749000000.0
00164779,SK하이닉스,2024,재무상태표,기타수취채권,444286000000.0
00164779,SK하이닉스,2024,재무상태표,유형자산,60157474000000.0
00164779,SK하이닉스,2024,재무상태표,사용권자산,2486871000000.0
00164779,SK하이닉스,2024,재무상태표,자본총계,73915704000000.0
00164779,SK하이닉스,2024,재무상태표,지배기업의 소유지분,73903394000000.0
00164779,SK하이닉스,2024,재무상태표,자본잉여금,4487123000000.0
00164779,SK하이닉스,2024,재무상태표,기타자본,-2191549000000.0
00164779,SK하이닉스,2024,재무상태표,기타포괄손익누계액,2532107000000.0
00164779,SK하이닉스,2024,재무상태표,자본금,3657652000000.0
00164779,SK하이닉스,2024,재무상태표,이익잉여금,65418061000000.0
00164779,SK하이닉스,2024,재무상태표,비지배지분,12310000000.0
00164779,SK하이닉스,2024,재무상태표,부채및자본총계,119855209000000.0
00164779,SK하이닉스,2024,재무상태표,유동부채,24965444000000.0
00164779,SK하이닉스,2024,재무상태표,기타지급채무,3983543000000.0
00164779,SK하이닉스,2024,재무상태표,미지급금,6967013000000.0
00164779,SK하이닉스,2024,재무상태표,차입금,5252238000000.0
00164779,SK하이닉스,2024,재무상태표,리스부채,588355000000.0
00164779,SK하이닉스,2024,재무상태표,충당부채,270235000000.0
00164779,SK하이닉스,2024,재무상태표,당기법인세부채,3083950000000.0
00164779,SK하이닉스,2024,재무상태표,기타금융부채,1741587000000.0
00164779,SK하이닉스,2024,재무상태표,기타 유동부채,801176000000.0
00164779,SK하이닉스,2024,재무상태표,매입채무,2277347000000.0
00164779,SK하이닉스,2024,재무상태표,부채총계,45939505000000.0
00164779,SK하이닉스,2024,재무상태표,비유동부채,20974061000000.0
00164779,SK하이닉스,2024,재무상태표,기타지급채무,51897000000.0
00164779,SK하이닉스,2024,재무상태표,이연법인세부채,217852000000.0
00164779,SK하이닉스,2024,재무상태표,차입금,17431495000000.0
00164779,SK하이닉스,2024,재무상태표,리스부채,2180021000000.0
00164779,SK하이닉스,2024,재무상태표,충당부채,0.0
00164779,SK하이닉스,2024,재무상태표,확정급여부채,68090000000.0
00164779,SK하이닉스,2024,재무상태표,기타금융부채,5909000000.0
00164779,SK하이닉스,2024,재무상태표,기타비유동부채,541770000000.0
00164779,SK하이닉스,2024,재무상태표,장기미지급금,477027000000.0
00164779,SK하이닉스,2024,포괄손익계산서,영업이익(손실),23467319000000.0
00164779,SK하이닉스,2024,포괄손익계산서,기타영업외수익,1476579000000.0
00164779,SK하이닉스,2024,포괄손익계산서,기타영업외비용,167388000000.0
00164779,SK하이닉스,2024,포괄손익계산서,판매비와관리비,8360827000000.0
00164779,SK하이닉스,2024,포괄손익계산서,총포괄이익(손실),21044422000000.0
00164779,SK하이닉스,2024,포괄손익계산서,비지배지분,11299000000.0
00164779,SK하이닉스,2024,포괄손익계산서,지배기업의 소유주지분,21033123000000.0
00164779,SK하이닉스,2024,포괄손익계산서,매출원가,34364814000000.0
00164779,SK하이닉스,2024,포괄손익계산서,기본주당이익(손실),28732.0
00164779,SK하이닉스,2024,포괄손익계산서,희석주당이익(손실),28419.0
00164779,SK하이닉스,2024,포괄손익계산서,금융비용,5707997000000.0
00164779,SK하이닉스,2024,포괄손익계산서,금융수익,4855082000000.0
00164779,SK하이닉스,2024,포괄손익계산서,매출총이익(손실),31828146000000.0
00164779,SK하이닉스,2024,포괄손익계산서,법인세비용(수익),4088448000000.0
00164779,SK하이닉스,2024,포괄손익계산서,법인세차감후 기타포괄손익,1247520000000.0
00164779,SK하이닉스,2024,포괄손익계산서,파생상품평가이익(손실),637000000.0
00164779,SK하이닉스,2024,포괄손익계산서,해외사업장환산외환차이,1374587000000.0
00164779,SK하이닉스,2024,포괄손익계산서,관계기업의 기타포괄손익에 대한 지분,145906000000.0
00164779,SK하이닉스,2024,포괄손익계산서,확정급여제도의 재측정요소,-273610000000.0
00164779,SK하이닉스,2024,포괄손익계산서,당기순이익(손실),19796902000000.0
00164779,SK하이닉스,2024,포괄손익계산서,비지배지분,8221000000.0
00164779,SK하이닉스,2024,포괄손익계산서,지배기업의 소유주지분,19788681000000.0
00164779,SK하이닉스,2024,포괄손익계산서,법인세비용차감전순이익(손실),23885350000000.0
00164779,SK하이닉스,2024,포괄손익계산서,매출액,66192960000000.0
00164779,SK하이닉스,2024,포괄손익계산서,지분법투자 관련 손익,-38245000000.0
00164779,SK하이닉스,2024,현금흐름표,기초현금및현금성자산,7587329000000.0
00164779,SK하이닉스,2024,현금흐름표,기말현금및현금성자산,11205117000000.0
00164779,SK하이닉스,2024,현금흐름표,재무활동 현금흐름,-8703940000000.0
00164779,SK하이닉스,2024,현금흐름표,자기주식의 처분,93829000000.0
00164779,SK하이닉스,2024,현금흐름표,주식선택권의 행사,0.0
00164779,SK하이닉스,2024,현금흐름표,종속기업 유상증자 및 소유지분변동,6032000000.0
00164779,SK하이닉스,2024,현금흐름표,배당금의 지급,826323000000.0
00164779,SK하이닉스,2024,현금흐름표,리스부채의 상환,601821000000.0
00164779,SK하이닉스,2024,현금흐름표,차입금의 차입,8717964000000.0
00164779,SK하이닉스,2024,현금흐름표,차입금의 상환,16093621000000.0
00164779,SK하이닉스,2024,현금흐름표,투자활동 현금흐름,-18004637000000.0
00164779,SK하이닉스,2024,현금흐름표,기타수취채권의 감소,38222000000.0
00164779,SK하이닉스,2024,현금흐름표,매각예정자산의 처분,145355000000.0
00164779,SK하이닉스,2024,현금흐름표,기타금융자산의 감소,57000000.0
00164779,SK하이닉스,2024,현금흐름표,단기금융상품의 감소,1499026000000.0
00164779,SK하이닉스,2024,현금흐름표,기타수취채권의 증가,47704000000.0
00164779,SK하이닉스,2024,현금흐름표,기타금융자산의 증가,109646000000.0
00164779,SK하이닉스,2024,현금흐름표,단기금융상품의 증가,3370863000000.0
00164779,SK하이닉스,2024,현금흐름표,사업결합으로 인한 순현금유출,0.0
00164779,SK하이닉스,2024,현금흐름표,장기투자자산의 처분,2373000000.0
00164779,SK하이닉스,2024,현금흐름표,장기투자자산의 취득,19460000000.0
00164779,SK하이닉스,2024,현금흐름표,단기투자자산의 순증감,457163000000.0
00164779,SK하이닉스,2024,현금흐름표,무형자산의 처분,19703000000.0
00164779,SK하이닉스,2024,현금흐름표,투자부동산의 처분,0.0
00164779,SK하이닉스,2024,현금흐름표,관계기업투자의 처분,22510000000.0
00164779,SK하이닉스,2024,현금흐름표,유형자산의 처분,47126000000.0
00164779,SK하이닉스,2024,현금흐름표,무형자산의 취득,717106000000.0
00164779,SK하이닉스,2024,현금흐름표,관계기업투자의 취득,25859000000.0
00164779,SK하이닉스,2024,현금흐름표,유형자산의 취득,15945534000000.0
00164779,SK하이닉스,2024,현금흐름표,영업활동 현금흐름,29795885000000.0
00164779,SK하이닉스,2024,현금흐름표,영업으로부터 창출된 현금,31250846000000.0
00164779,SK하이닉스,2024,현금흐름표,배당금의 수취,50731000000.0
00164779,SK하이닉스,2024,현금흐름표,법인세의 납부,552088000000.0
00164779,SK하이닉스,2024,현금흐름표,이자의 지급,1276564000000.0
00164779,SK하이닉스,2024,현금흐름표,이자의 수취,322960000000.0
00164779,SK하이닉스,2024,현금흐름표,현금및현금성자산의 환율변동효과,530480000000.0
00164779,SK하이닉스,2024,현금흐름표,현금및현금성자산의 순증감,3617788000000.0
00164779,SK하이닉스,2024,자본변동표,기초자본,53503752000000.0
00164779,SK하이닉스,2024,자본변동표,기초자본,-533000000.0
00164779,SK하이닉스,2024,자본변동표,기초자본,53504285000000.0
00164779,SK하이닉스,2024,자본변동표,기초자본,-2269294000000.0
00164779,SK하이닉스,2024,자본변동표,기초자본,1014055000000.0
00164779,SK하이닉스,2024,자본변동표,기초자본,46729313000000.0
00164779,SK하이닉스,2024,자본변동표,기초자본,3657652000000.0
00164779,SK하이닉스,2024,자본변동표,기초자본,4372559000000.0
00164779,SK하이닉스,2024,자본변동표,총포괄이익(손실),21044422000000.0
00164779,SK하이닉스,2024,자본변동표,총포괄이익(손실),11299000000.0
00164779,SK하이닉스,2024,자본변동표,총포괄이익(손실),21033123000000.0
00164779,SK하이닉스,2024,자본변동표,총포괄이익(손실),0.0
00164779,SK하이닉스,2024,자본변동표,총포괄이익(손실),1518052000000.0
00164779,SK하이닉스,2024,자본변동표,총포괄이익(손실),19515071000000.0
00164779,SK하이닉스,2024,자본변동표,총포괄이익(손실),0.0
00164779,SK하이닉스,2024,자본변동표,총포괄이익(손실),0.0
00164779,SK하이닉스,2024,자본변동표,파생상품평가이익(손실),637000000.0
00164779,SK하이닉스,2024,자본변동표,파생상품평가이익(손실),0.0
00164779,SK하이닉스,2024,자본변동표,파생상품평가이익(손실),637000000.0
00164779,SK하이닉스,2024,자본변동표,파생상품평가이익(손실),0.0
00164779,SK하이닉스,2024,자본변동표,파생상품평가이익(손실),637000000.0
00164779,SK하이닉스,2024,자본변동표,파생상품평가이익(손실),0.0
00164779,SK하이닉스,2024,자본변동표,파생상품평가이익(손실),0.0
00164779,SK하이닉스,2024,자본변동표,파생상품평가이익(손실),0.0
00164779,SK하이닉스,2024,자본변동표,해외사업장환산외환차이,1374587000000.0
00164779,SK하이닉스,2024,자본변동표,해외사업장환산외환차이,3078000000.0
00164779,SK하이닉스,2024,자본변동표,해외사업장환산외환차이,1371509000000.0
00164779,SK하이닉스,2024,자본변동표,해외사업장환산외환차이,0.0
00164779,SK하이닉스,2024,자본변동표,해외사업장환산외환차이,1371509000000.0
00164779,SK하이닉스,2024,자본변동표,해외사업장환산외환차이,0.0
00164779,SK하이닉스,2024,자본변동표,해외사업장환산외환차이,0.0
00164779,SK하이닉스,2024,자본변동표,해외사업장환산외환차이,0.0
00164779,SK하이닉스,2024,자본변동표,확정급여제도의 재측정요소,-273610000000.0
00164779,SK하이닉스,2024,자본변동표,확정급여제도의 재측정요소,0.0
00164779,SK하이닉스,2024,자본변동표,확정급여제도의 재측정요소,-273610000000.0
00164779,SK하이닉스,2024,자본변동표,확정급여제도의 재측정요소,0.0
00164779,SK하이닉스,2024,자본변동표,확정급여제도의 재측정요소,0.0
00164779,SK하이닉스,2024,자본변동표,확정급여제도의 재측정요소,-273610000000.0
00164779,SK하이닉스,2024,자본변동표,확정급여제도의 재측정요소,0.0
00164779,SK하이닉스,2024,자본변동표,확정급여제도의 재측정요소,0.0
00164779,SK하이닉스,2024,자본변동표,당기순이익(손실),19796902000000.0
00164779,SK하이닉스,2024,자본변동표,당기순이익(손실),8221000000.0
00164779,SK하이닉스,2024,자본변동표,당기순이익(손실),19788681000000.0
00164779,SK하이닉스,2024,자본변동표,당기순이익(손실),0.0
00164779,SK하이닉스,2024,자본변동표,당기순이익(손실),0.0
00164779,SK하이닉스,2024,자본변동표,당기순이익(손실),19788681000000.0
00164779,SK하이닉스,2024,자본변동표,당기순이익(손실),0.0
00164779,SK하이닉스,2024,자본변동표,당기순이익(손실),0.0
00164779,SK하이닉스,2024,자본변동표,관계기업의 기타포괄손익에 대한 지분,145906000000.0
00164779,SK하이닉스,2024,자본변동표,관계기업의 기타포괄손익에 대한 지분,0.0
00164779,SK하이닉스,2024,자본변동표,관계기업의 기타포괄손익에 대한 지분,145906000000.0
00164779,SK하이닉스,2024,자본변동표,관계기업의 기타포괄손익에 대한 지분,0.0
00164779,SK하이닉스,2024,자본변동표,관계기업의 기타포괄손익에 대한 지분,145906000000.0
00164779,SK하이닉스,2024,자본변동표,관계기업의 기타포괄손익에 대한 지분,0.0
00164779,SK하이닉스,2024,자본변동표,관계기업의 기타포괄손익에 대한 지분,0.0
00164779,SK하이닉스,2024,자본변동표,관계기업의 기타포괄손익에 대한 지분,0.0
00164779,SK하이닉스,2024,자본변동표,자본총계,73915704000000.0
00164779,SK하이닉스,2024,자본변동표,자본총계,12310000000.0
00164779,SK하이닉스,2024,자본변동표,자본총계,73903394000000.0
00164779,SK하이닉스,2024,자본변동표,자본총계,-2191549000000.0
00164779,SK하이닉스,2024,자본변동표,자본총계,2532107000000.0
00164779,SK하이닉스,2024,자본변동표,자본총계,65418061000000.0
00164779,SK하이닉스,2024,자본변동표,자본총계,3657652000000.0
00164779,SK하이닉스,2024,자본변동표,자본총계,4487123000000.0
00164779,SK하이닉스,2024,자본변동표,자본에 직접 반영된 소유주와의 거래 합계,-632470000000.0
00164779,SK하이닉스,2024,자본변동표,자본에 직접 반영된 소유주와의 거래 합계,1544000000.0
00164779,SK하이닉스,2024,자본변동표,자본에 직접 반영된 소유주와의 거래 합계,-634014000000.0
00164779,SK하이닉스,2024,자본변동표,자본에 직접 반영된 소유주와의 거래 합계,77745000000.0
00164779,SK하이닉스,2024,자본변동표,자본에 직접 반영된 소유주와의 거래 합계,0.0
00164779,SK하이닉스,2024,자본변동표,자본에 직접 반영된 소유주와의 거래 합계,-826323000000.0
00164779,SK하이닉스,2024,자본변동표,자본에 직접 반영된 소유주와의 거래 합계,0.0
00164779,SK하이닉스,2024,자본변동표,자본에 직접 반영된 소유주와의 거래 합계,114564000000.0
00164779,SK하이닉스,2024,자본변동표,주식선택권 조건변경,0.0
00164779,SK하이닉스,2024,자본변동표,주식선택권 조건변경,0.0
00164779,SK하이닉스,2024,자본변동표,주식선택권 조건변경,0.0
00164779,SK하이닉스,2024,자본변동표,주식선택권 조건변경,0.0
00164779,SK하이닉스,2024,자본변동표,주식선택권 조건변경,0.0
00164779,SK하이닉스,2024,자본변동표,주식선택권 조건변경,0.0
00164779,SK하이닉스,2024,자본변동표,주식선택권 조건변경,0.0
00164779,SK하이닉스,2024,자본변동표,주식선택권 조건변경,0.0
00164779,SK하이닉스,2024,자본변동표,비지배지분의 감소,0.0
00164779,SK하이닉스,2024,자본변동표,비지배지분의 감소,0.0
00164779,SK하이닉스,2024,자본변동표,비지배지분의 감소,0.0
00164779,SK하이닉스,2024,자본변동표,비지배지분의 감소,0.0
00164779,SK하이닉스,2024,자본변동표,비지배지분의 감소,0.0
00164779,SK하이닉스,2024,자본변동표,비지배지분의 감소,0.0
00164779,SK하이닉스,2024,자본변동표,비지배지분의 감소,0.0
00164779,SK하이닉스,2024,자본변동표,비지배지분의 감소,0.0
00164779,SK하이닉스,2024,자본변동표,배당금의 지급,826323000000.0
00164779,SK하이닉스,2024,자본변동표,배당금의 지급,0.0
00164779,SK하이닉스,2024,자본변동표,배당금의 지급,826323000000.0
00164779,SK하이닉스,2024,자본변동표,배당금의 지급,0.0
00164779,SK하이닉스,2024,자본변동표,배당금의 지급,0.0
00164779,SK하이닉스,2024,자본변동표,배당금의 지급,826323000000.0
00164779,SK하이닉스,2024,자본변동표,배당금의 지급,0.0
00164779,SK하이닉스,2024,자본변동표,배당금의 지급,0.0
00164779,SK하이닉스,2024,자본변동표,종속기업 유상증자 및 소유지분변동,6032000000.0
00164779,SK하이닉스,2024,자본변동표,종속기업 유상증자 및 소유지분변동,6032000000.0
00164779,SK하이닉스,2024,자본변동표,종속기업 유상증자 및 소유지분변동,0.0
00164779,SK하이닉스,2024,자본변동표,종속기업 유상증자 및 소유지분변동,0.0
00164779,SK하이닉스,2024,자본변동표,종속기업 유상증자 및 소유지분변동,0.0
00164779,SK하이닉스,2024,자본변동표,종속기업 유상증자 및 소유지분변동,0.0
00164779,SK하이닉스,2024,자본변동표,종속기업 유상증자 및 소유지분변동,0.0
00164779,SK하이닉스,2024,자본변동표,종속기업 유상증자 및 소유지분변동,0.0
00164779,SK하이닉스,2024,자본변동표,주식선택권의 부여/행사,60513000000.0
00164779,SK하이닉스,2024,자본변동표,주식선택권의 부여/행사,-4488000000.0
00164779,SK하이닉스,2024,자본변동표,주식선택권의 부여/행사,65001000000.0
00164779,SK하이닉스,2024,자본변동표,주식선택권의 부여/행사,26432000000.0
00164779,SK하이닉스,2024,자본변동표,주식선택권의 부여/행사,0.0
00164779,SK하이닉스,2024,자본변동표,주식선택권의 부여/행사,0.0
00164779,SK하이닉스,2024,자본변동표,주식선택권의 부여/행사,0.0
00164779,SK하이닉스,2024,자본변동표,주식선택권의 부여/행사,38569000000.0
00164779,SK하이닉스,2024,자본변동표,자기주식의 처분,127308000000.0
00164779,SK하이닉스,2024,자본변동표,자기주식의 처분,0.0
00164779,SK하이닉스,2024,자본변동표,자기주식의 처분,127308000000.0
00164779,SK하이닉스,2024,자본변동표,자기주식의 처분,51313000000.0
00164779,SK하이닉스,2024,자본변동표,자기주식의 처분,0.0
00164779,SK하이닉스,2024,자본변동표,자기주식의 처분,0.0
00164779,SK하이닉스,2024,자본변동표,자기주식의 처분,0.0
00164779,SK하이닉스,2024,자본변동표,자기주식의 처분,75995000000.0
00164779,SK하이닉스,2025,재무상태표,자산총계,176107659000000.0
00164779,SK하이닉스,2025,재무상태표,유동자산,69458073000000.0
00164779,SK하이닉스,2025,재무상태표,현금및현금성자산,14923766000000.0
00164779,SK하이닉스,2025,재무상태표,단기투자자산,5338768000000.0
00164779,SK하이닉스,2025,재무상태표,당기법인세자산,67715000000.0
00164779,SK하이닉스,2025,재무상태표,매출채권,18199078000000.0
00164779,SK하이닉스,2025,재무상태표,재고자산,14289390000000.0
00164779,SK하이닉스,2025,재무상태표,매각예정자산,0.0
00164779,SK하이닉스,2025,재무상태표,기타유동자산,1378035000000.0
00164779,SK하이닉스,2025,재무상태표,기타금융자산,195259000000.0
00164779,SK하이닉스,2025,재무상태표,기타수취채권,386343000000.0
00164779,SK하이닉스,2025,재무상태표,단기금융상품,14679719000000.0
00164779,SK하이닉스,2025,재무상태표,비유동자산,106649586000000.0
00164779,SK하이닉스,2025,재무상태표,이연법인세자산,3660493000000.0
00164779,SK하이닉스,2025,재무상태표,무형자산,4049402000000.0
00164779,SK하이닉스,2025,재무상태표,관계기업 및 공동기업투자,1320927000000.0
00164779,SK하이닉스,2025,재무상태표,투자부동산,188000000.0
00164779,SK하이닉스,2025,재무상태표,장기투자자산,14547099000000.0
00164779,SK하이닉스,2025,재무상태표,종업원급여자산,1552888000000.0
00164779,SK하이닉스,2025,재무상태표,기타비유동자산,144930000000.0
00164779,SK하이닉스,2025,재무상태표,기타금융자산,1114462000000.0
00164779,SK하이닉스,2025,재무상태표,기타수취채권,420036000000.0
00164779,SK하이닉스,2025,재무상태표,유형자산,77502704000000.0
00164779,SK하이닉스,2025,재무상태표,사용권자산,2336457000000.0
00164779,SK하이닉스,2025,재무상태표,자본총계,120666751000000.0
00164779,SK하이닉스,2025,재무상태표,지배기업의 소유지분,120516178000000.0
00164779,SK하이닉스,2025,재무상태표,자본잉여금,8953714000000.0
00164779,SK하이닉스,2025,재무상태표,기타자본,-1348598000000.0
00164779,SK하이닉스,2025,재무상태표,기타포괄손익누계액,2676862000000.0
00164779,SK하이닉스,2025,재무상태표,자본금,3657652000000.0
00164779,SK하이닉스,2025,재무상태표,이익잉여금,106576548000000.0
00164779,SK하이닉스,2025,재무상태표,비지배지분,150573000000.0
00164779,SK하이닉스,2025,재무상태표,부채및자본총계,176107659000000.0
00164779,SK하이닉스,2025,재무상태표,유동부채,37378999000000.0
00164779,SK하이닉스,2025,재무상태표,기타지급채무,6283111000000.0
00164779,SK하이닉스,2025,재무상태표,미지급금,6434144000000.0
00164779,SK하이닉스,2025,재무상태표,차입금,8161757000000.0
00164779,SK하이닉스,2025,재무상태표,리스부채,547296000000.0
00164779,SK하이닉스,2025,재무상태표,충당부채,228937000000.0
00164779,SK하이닉스,2025,재무상태표,당기법인세부채,7023813000000.0
00164779,SK하이닉스,2025,재무상태표,기타금융부채,4913879000000.0
00164779,SK하이닉스,2025,재무상태표,기타유동부채,937607000000.0
00164779,SK하이닉스,2025,재무상태표,매입채무,2848455000000.0
00164779,SK하이닉스,2025,재무상태표,부채총계,55440908000000.0
00164779,SK하이닉스,2025,재무상태표,비유동부채,18061909000000.0
00164779,SK하이닉스,2025,재무상태표,기타지급채무,19970000000.0
00164779,SK하이닉스,2025,재무상태표,이연법인세부채,248395000000.0
00164779,SK하이닉스,2025,재무상태표,차입금,14086148000000.0
00164779,SK하이닉스,2025,재무상태표,리스부채,1962647000000.0
00164779,SK하이닉스,2025,재무상태표,충당부채,0.0
00164779,SK하이닉스,2025,재무상태표,확정급여부채,66144000000.0
00164779,SK하이닉스,2025,재무상태표,기타금융부채,2487000000.0
00164779,SK하이닉스,2025,재무상태표,기타비유동부채,1300977000000.0
00164779,SK하이닉스,2025,재무상태표,장기미지급금,375141000000.0
00164779,SK하이닉스,2025,포괄손익계산서,영업이익(손실),47206319000000.0
00164779,SK하이닉스,2025,포괄손익계산서,기타영업외수익,333277000000.0
00164779,SK하이닉스,2025,포괄손익계산서,기타영업외비용,377973000000.0
00164779,SK하이닉스,2025,포괄손익계산서,판매비와관리비,11484471000000.0
00164779,SK하이닉스,2025,포괄손익계산서,총포괄이익(손실),43017348000000.0
00164779,SK하이닉스,2025,포괄손익계산서,비지배지분,32940000000.0
00164779,SK하이닉스,2025,포괄손익계산서,지배기업의 소유주지분,42984408000000.0
00164779,SK하이닉스,2025,포괄손익계산서,매출원가,38455885000000.0
00164779,SK하이닉스,2025,포괄손익계산서,기본주당순이익(손실),62044.0
00164779,SK하이닉스,2025,포괄손익계산서,희석주당순이익(손실),60378.0
00164779,SK하이닉스,2025,포괄손익계산서,금융비용,12504998000000.0
00164779,SK하이닉스,2025,포괄손익계산서,금융수익,16373480000000.0
00164779,SK하이닉스,2025,포괄손익계산서,매출총이익(손실),58690790000000.0
00164779,SK하이닉스,2025,포괄손익계산서,법인세비용(수익),7517650000000.0
00164779,SK하이닉스,2025,포괄손익계산서,법인세차감후 기타포괄손익,69446000000.0
00164779,SK하이닉스,2025,포괄손익계산서,후속적으로 당기손익으로 재분류되는 포괄손익,149079000000.0
00164779,SK하이닉스,2025,포괄손익계산서,파생상품평가손익,2118000000.0
00164779,SK하이닉스,2025,포괄손익계산서,해외사업장환산외환차이,173701000000.0
00164779,SK하이닉스,2025,포괄손익계산서,관계기업의 기타포괄손익에 대한 지분,-26740000000.0
00164779,SK하이닉스,2025,포괄손익계산서,후속적으로 당기손익으로 재분류되지 않는 포괄손익,-79633000000.0
00164779,SK하이닉스,2025,포괄손익계산서,확정급여제도의 재측정요소,-79633000000.0
00164779,SK하이닉스,2025,포괄손익계산서,당기순이익(손실),42947902000000.0
00164779,SK하이닉스,2025,포괄손익계산서,비지배지분,28615000000.0
00164779,SK하이닉스,2025,포괄손익계산서,지배기업의 소유주지분,42919287000000.0
00164779,SK하이닉스,2025,포괄손익계산서,법인세비용차감전순이익(손실),50465552000000.0
00164779,SK하이닉스,2025,포괄손익계산서,매출액,97146675000000.0
00164779,SK하이닉스,2025,포괄손익계산서,지분법투자 관련 손익,-564553000000.0
00164779,SK하이닉스,2025,현금흐름표,기초 현금및현금성자산,11205117000000.0
00164779,SK하이닉스,2025,현금흐름표,기말 현금및현금성자산,14923766000000.0
00164779,SK하이닉스,2025,현금흐름표,재무활동 현금흐름,-1444992000000.0
00164779,SK하이닉스,2025,현금흐름표,자기주식의 처분,65035000000.0
00164779,SK하이닉스,2025,현금흐름표,주식선택권의 행사,0.0
00164779,SK하이닉스,2025,현금흐름표,종속기업 유상증자 및 소유지분변동,0.0
00164779,SK하이닉스,2025,현금흐름표,배당금의 지급,1681166000000.0
00164779,SK하이닉스,2025,현금흐름표,리스부채의 상환,596465000000.0
00164779,SK하이닉스,2025,현금흐름표,차입금의 차입,8183735000000.0
00164779,SK하이닉스,2025,현금흐름표,차입금의 상환,7416131000000.0
00164779,SK하이닉스,2025,현금흐름표,투자활동 현금흐름,-48054251000000.0
00164779,SK하이닉스,2025,현금흐름표,매각예정자산의 처분,85216000000.0
00164779,SK하이닉스,2025,현금흐름표,기타수취채권의 감소,32880000000.0
00164779,SK하이닉스,2025,현금흐름표,기타금융자산의 감소,115091000000.0
00164779,SK하이닉스,2025,현금흐름표,단기금융상품의 감소,6513772000000.0
00164779,SK하이닉스,2025,현금흐름표,기타수취채권의 증가,178331000000.0
00164779,SK하이닉스,2025,현금흐름표,기타금융자산의 증가,1105649000000.0
00164779,SK하이닉스,2025,현금흐름표,단기금융상품의 증가,18804330000000.0
00164779,SK하이닉스,2025,현금흐름표,사업결합으로 인한 현금유출,3079783000000.0
00164779,SK하이닉스,2025,현금흐름표,장기투자자산의 처분,1233030000000.0
00164779,SK하이닉스,2025,현금흐름표,장기투자자산의 취득,33956000000.0
00164779,SK하이닉스,2025,현금흐름표,단기투자자산의 순증감,-4552604000000.0
00164779,SK하이닉스,2025,현금흐름표,정부보조금의 수령,144911000000.0
00164779,SK하이닉스,2025,현금흐름표,무형자산의 처분,2142000000.0
00164779,SK하이닉스,2025,현금흐름표,관계기업투자주식의 처분,16875000000.0
00164779,SK하이닉스,2025,현금흐름표,유형자산의 처분,144828000000.0
00164779,SK하이닉스,2025,현금흐름표,무형자산의 취득,1060419000000.0
00164779,SK하이닉스,2025,현금흐름표,관계기업투자주식의 취득,9000000000.0
00164779,SK하이닉스,2025,현금흐름표,유형자산의 취득,27518924000000.0
00164779,SK하이닉스,2025,현금흐름표,영업활동 현금흐름,53373126000000.0
00164779,SK하이닉스,2025,현금흐름표,영업으로부터 창출된 현금흐름,58904432000000.0
00164779,SK하이닉스,2025,현금흐름표,배당금의 수취,960716000000.0
00164779,SK하이닉스,2025,현금흐름표,법인세의 납부,5891155000000.0
00164779,SK하이닉스,2025,현금흐름표,이자의 지급,938849000000.0
00164779,SK하이닉스,2025,현금흐름표,이자의 수취,337982000000.0
00164779,SK하이닉스,2025,현금흐름표,현금및현금성자산의 환율변동효과,-155234000000.0
00164779,SK하이닉스,2025,현금흐름표,현금및현금성자산의 순증감,3718649000000.0
00164779,SK하이닉스,2025,자본변동표,기초자본,73915704000000.0
00164779,SK하이닉스,2025,자본변동표,기초자본,12310000000.0
00164779,SK하이닉스,2025,자본변동표,기초자본,73903394000000.0
00164779,SK하이닉스,2025,자본변동표,기초자본,-2191549000000.0
00164779,SK하이닉스,2025,자본변동표,기초자본,2532107000000.0
00164779,SK하이닉스,2025,자본변동표,기초자본,65418061000000.0
00164779,SK하이닉스,2025,자본변동표,기초자본,3657652000000.0
00164779,SK하이닉스,2025,자본변동표,기초자본,4487123000000.0
00164779,SK하이닉스,2025,자본변동표,총포괄이익(손실),43017348000000.0
00164779,SK하이닉스,2025,자본변동표,총포괄이익(손실),32940000000.0
00164779,SK하이닉스,2025,자본변동표,총포괄이익(손실),42984408000000.0
00164779,SK하이닉스,2025,자본변동표,총포괄이익(손실),0.0
00164779,SK하이닉스,2025,자본변동표,총포괄이익(손실),144755000000.0
00164779,SK하이닉스,2025,자본변동표,총포괄이익(손실),42839653000000.0
00164779,SK하이닉스,2025,자본변동표,총포괄이익(손실),0.0
00164779,SK하이닉스,2025,자본변동표,총포괄이익(손실),0.0
00164779,SK하이닉스,2025,자본변동표,파생상품평가손익,2118000000.0
00164779,SK하이닉스,2025,자본변동표,파생상품평가손익,0.0
00164779,SK하이닉스,2025,자본변동표,파생상품평가손익,2118000000.0
00164779,SK하이닉스,2025,자본변동표,파생상품평가손익,0.0
00164779,SK하이닉스,2025,자본변동표,파생상품평가손익,2118000000.0
00164779,SK하이닉스,2025,자본변동표,파생상품평가손익,0.0
00164779,SK하이닉스,2025,자본변동표,파생상품평가손익,0.0
00164779,SK하이닉스,2025,자본변동표,파생상품평가손익,0.0
00164779,SK하이닉스,2025,자본변동표,해외사업장환산외환차이,173701000000.0
00164779,SK하이닉스,2025,자본변동표,해외사업장환산외환차이,4324000000.0
00164779,SK하이닉스,2025,자본변동표,해외사업장환산외환차이,169377000000.0
00164779,SK하이닉스,2025,자본변동표,해외사업장환산외환차이,0.0
00164779,SK하이닉스,2025,자본변동표,해외사업장환산외환차이,169377000000.0
00164779,SK하이닉스,2025,자본변동표,해외사업장환산외환차이,0.0
00164779,SK하이닉스,2025,자본변동표,해외사업장환산외환차이,0.0
00164779,SK하이닉스,2025,자본변동표,해외사업장환산외환차이,0.0
00164779,SK하이닉스,2025,자본변동표,확정급여제도의 재측정요소,-79633000000.0
00164779,SK하이닉스,2025,자본변동표,확정급여제도의 재측정요소,0.0
00164779,SK하이닉스,2025,자본변동표,확정급여제도의 재측정요소,-79633000000.0
00164779,SK하이닉스,2025,자본변동표,확정급여제도의 재측정요소,0.0
00164779,SK하이닉스,2025,자본변동표,확정급여제도의 재측정요소,0.0
00164779,SK하이닉스,2025,자본변동표,확정급여제도의 재측정요소,-79633000000.0
00164779,SK하이닉스,2025,자본변동표,확정급여제도의 재측정요소,0.0
00164779,SK하이닉스,2025,자본변동표,확정급여제도의 재측정요소,0.0
00164779,SK하이닉스,2025,자본변동표,당기순이익(손실),42947902000000.0
00164779,SK하이닉스,2025,자본변동표,당기순이익(손실),28616000000.0
00164779,SK하이닉스,2025,자본변동표,당기순이익(손실),42919286000000.0
00164779,SK하이닉스,2025,자본변동표,당기순이익(손실),0.0
00164779,SK하이닉스,2025,자본변동표,당기순이익(손실),0.0
00164779,SK하이닉스,2025,자본변동표,당기순이익(손실),42919286000000.0
00164779,SK하이닉스,2025,자본변동표,당기순이익(손실),0.0
00164779,SK하이닉스,2025,자본변동표,당기순이익(손실),0.0
00164779,SK하이닉스,2025,자본변동표,관계기업의 기타포괄손익에 대한 지분,-26740000000.0
00164779,SK하이닉스,2025,자본변동표,관계기업의 기타포괄손익에 대한 지분,0.0
00164779,SK하이닉스,2025,자본변동표,관계기업의 기타포괄손익에 대한 지분,-26740000000.0
00164779,SK하이닉스,2025,자본변동표,관계기업의 기타포괄손익에 대한 지분,0.0
00164779,SK하이닉스,2025,자본변동표,관계기업의 기타포괄손익에 대한 지분,-26740000000.0
00164779,SK하이닉스,2025,자본변동표,관계기업의 기타포괄손익에 대한 지분,0.0
00164779,SK하이닉스,2025,자본변동표,관계기업의 기타포괄손익에 대한 지분,0.0
00164779,SK하이닉스,2025,자본변동표,관계기업의 기타포괄손익에 대한 지분,0.0
00164779,SK하이닉스,2025,자본변동표,자본총계,120666751000000.0
00164779,SK하이닉스,2025,자본변동표,자본총계,150573000000.0
00164779,SK하이닉스,2025,자본변동표,자본총계,120516178000000.0
00164779,SK하이닉스,2025,자본변동표,자본총계,-1348598000000.0
00164779,SK하이닉스,2025,자본변동표,자본총계,2676862000000.0
00164779,SK하이닉스,2025,자본변동표,자본총계,106576548000000.0
00164779,SK하이닉스,2025,자본변동표,자본총계,3657652000000.0
00164779,SK하이닉스,2025,자본변동표,자본총계,8953714000000.0
00164779,SK하이닉스,2025,자본변동표,자본에 직접 반영된 소유주와의 거래 합계,3733699000000.0
00164779,SK하이닉스,2025,자본변동표,자본에 직접 반영된 소유주와의 거래 합계,105323000000.0
00164779,SK하이닉스,2025,자본변동표,자본에 직접 반영된 소유주와의 거래 합계,3628376000000.0
00164779,SK하이닉스,2025,자본변동표,자본에 직접 반영된 소유주와의 거래 합계,842951000000.0
00164779,SK하이닉스,2025,자본변동표,자본에 직접 반영된 소유주와의 거래 합계,0.0
00164779,SK하이닉스,2025,자본변동표,자본에 직접 반영된 소유주와의 거래 합계,-1681166000000.0
00164779,SK하이닉스,2025,자본변동표,자본에 직접 반영된 소유주와의 거래 합계,0.0
00164779,SK하이닉스,2025,자본변동표,자본에 직접 반영된 소유주와의 거래 합계,4466591000000.0
00164779,SK하이닉스,2025,자본변동표,연결대상 범위의 변동,446000000.0
00164779,SK하이닉스,2025,자본변동표,연결대상 범위의 변동,446000000.0
00164779,SK하이닉스,2025,자본변동표,연결대상 범위의 변동,0.0
00164779,SK하이닉스,2025,자본변동표,연결대상 범위의 변동,0.0
00164779,SK하이닉스,2025,자본변동표,연결대상 범위의 변동,0.0
00164779,SK하이닉스,2025,자본변동표,연결대상 범위의 변동,0.0
00164779,SK하이닉스,2025,자본변동표,연결대상 범위의 변동,0.0
00164779,SK하이닉스,2025,자본변동표,연결대상 범위의 변동,0.0
00164779,SK하이닉스,2025,자본변동표,배당금의 지급,1681166000000.0
00164779,SK하이닉스,2025,자본변동표,배당금의 지급,0.0
00164779,SK하이닉스,2025,자본변동표,배당금의 지급,1681166000000.0
00164779,SK하이닉스,2025,자본변동표,배당금의 지급,0.0
00164779,SK하이닉스,2025,자본변동표,배당금의 지급,0.0
00164779,SK하이닉스,2025,자본변동표,배당금의 지급,1681166000000.0
00164779,SK하이닉스,2025,자본변동표,배당금의 지급,0.0
00164779,SK하이닉스,2025,자본변동표,배당금의 지급,0.0
00164779,SK하이닉스,2025,자본변동표,종속기업 유상증자 및 소유지분변동,73008000000.0
00164779,SK하이닉스,2025,자본변동표,종속기업 유상증자 및 소유지분변동,0.0
00164779,SK하이닉스,2025,자본변동표,종속기업 유상증자 및 소유지분변동,73008000000.0
00164779,SK하이닉스,2025,자본변동표,종속기업 유상증자 및 소유지분변동,0.0
00164779,SK하이닉스,2025,자본변동표,종속기업 유상증자 및 소유지분변동,0.0
00164779,SK하이닉스,2025,자본변동표,종속기업 유상증자 및 소유지분변동,0.0
00164779,SK하이닉스,2025,자본변동표,종속기업 유상증자 및 소유지분변동,0.0
00164779,SK하이닉스,2025,자본변동표,종속기업 유상증자 및 소유지분변동,73008000000.0
00164779,SK하이닉스,2025,자본변동표,주식선택권의 부여/행사,313313000000.0
00164779,SK하이닉스,2025,자본변동표,주식선택권의 부여/행사,104877000000.0
00164779,SK하이닉스,2025,자본변동표,주식선택권의 부여/행사,80477000000.0
00164779,SK하이닉스,2025,자본변동표,주식선택권의 부여/행사,0.0
00164779,SK하이닉스,2025,자본변동표,주식선택권의 부여/행사,0.0
00164779,SK하이닉스,2025,자본변동표,주식선택권의 부여/행사,0.0
00164779,SK하이닉스,2025,자본변동표,주식선택권의 부여/행사,127959000000.0
00164779,SK하이닉스,2025,자본변동표,주식선택권의 부여/행사,208436000000.0
00164779,SK하이닉스,2025,자본변동표,자기주식의 처분,5028098000000.0
00164779,SK하이닉스,2025,자본변동표,자기주식의 처분,0.0
00164779,SK하이닉스,2025,자본변동표,자기주식의 처분,0.0
00164779,SK하이닉스,2025,자본변동표,자기주식의 처분,0.0
00164779,SK하이닉스,2025,자본변동표,자기주식의 처분,714992000000.0
00164779,SK하이닉스,2025,자본변동표,자기주식의 처분,5028098000000.0
00164779,SK하이닉스,2025,자본변동표,자기주식의 처분,0.0
00164779,SK하이닉스,2025,자본변동표,자기주식의 처분,4313106000000.0
